Name,Stock Qty,Cost,Total Amount,Category,Warehouse
Oleo Butter UNSALTED ,1,65,65,BUTTER,
Bravo Buttercreme ,1,49,49,BUTTER,
Oleo Butter SALTED,1,65,65,BUTTER,
ButterBlend SALTED,1,53,53,BUTTER,
Golden Crown Butter ,38,60.76,2308.88,BUTTER,
Queensland SALTED ,18,132,2376,BUTTER,
La Crema Unsalted ,1,57,57,BUTTER,In store
Anchor Buttery ,1,71,71,BUTTER,In store
La Crema Salted ,1,0,0,BUTTER,In store
Queensland UNSALTED  ,1,125,125,BUTTER,In store
Peotraco PSugar 450g,31,63.02,1953.62,CONFECTIONERY SUGAR ,
Peotraco PSugar 1kg,35,95,3325,CONFECTIONERY SUGAR ,
Peotraco PSugar 5pounder,9,205,1845,CONFECTIONERY SUGAR ,
Dark Brown Sugar 1KG,1,87,87,CONFECTIONERY SUGAR ,
Golden Brown Sugar 1KG,1,85,85,CONFECTIONERY SUGAR ,
Peotraco Powdered Sugar 250g ,6,32,192,CONFECTIONERY SUGAR ,In store
Golden Brown Sugar 500g ,1,45,45,CONFECTIONERY SUGAR ,In store
LightBrown Sugar 500g,7,30,210,CONFECTIONERY SUGAR ,In store
LightBrown Sugar 1KG ,9,65,585,CONFECTIONERY SUGAR ,In store
Sonedco White Sugar 1kg ,24,70,1680,CONFECTIONERY SUGAR ,In store
Sonedco White Sugar 500g ,1,38,38,CONFECTIONERY SUGAR ,In store
Peotraco PSugar 2kg,1,182,182,CONFECTIONERY SUGAR ,In store
Jersey Full Cream Milk ,1,76,76,MILK/DAIRY ,
Arla Full Cream Milk ,1,87,87,MILK/DAIRY ,
Nestle APC 250ml,5,71,355,MILK/DAIRY ,
Jersey APC,18,60,1080,MILK/DAIRY ,
Jersey Condensed 1L,1,124,124,MILK/DAIRY ,
Jersey Condensed 390g,23,38.73,890.79,MILK/DAIRY ,
Everwhip 1L ,75,190,14250,MILK/DAIRY ,
Monnalisa Whipping,12,175,2100,MILK/DAIRY ,
ACC Whipping Creme 1L,12,276,3312,MILK/DAIRY ,
Whippit 1kg,1,240,240,MILK/DAIRY ,
Whippit 500g,1,130,130,MILK/DAIRY ,
Frosty Whip 1kg ,1,557,557,MILK/DAIRY ,
Frosty Whip 200g ,1,115,115,MILK/DAIRY ,
Jersey Evaporated ,46,29,1334,MILK/DAIRY ,
DLA Fondant white ,13,250,3250,MILK/DAIRY ,In store
MilkBoy Skim 500g ,1,97,97,MILK/DAIRY ,In store
Magic Whizk ,1,248,248,MILK/DAIRY ,In store
Baker's Delite ,1,237,237,MILK/DAIRY ,In store
Milkboy Skim milk 250g,2,52,104,MILK/DAIRY ,In store
Buttermlik 250g ,1,40,40,MILK/DAIRY ,In store
Buttermilk 500g ,1,0,0,MILK/DAIRY ,In store
Buttermilk 1kg ,1,0,0,MILK/DAIRY ,In store
Peotraco Fondant ,8,220,1760,MILK/DAIRY ,In store
Conaprole,24,76,1824,MILK/DAIRY ,In store
Bensdorp Cocoa 1kg,2,840,1680,COCOA,
Bensdorp Cocoa 500g,15,420,6300,COCOA,
Bensdorp Cocoa 250g,22,210,4620,COCOA,
JB15 Cocoa 500g,1,312,312,COCOA,
JB15 Cocoa 1kg,1,622,622,COCOA,
JB15 Cocoa 250g ,1,157,157,COCOA,In store
Beryl's Classic Cocoa 1kg ,1,730,730,COCOA,In store
Beryl's Classic Cocoa 500g ,1,390,390,COCOA,In store
Beryl's Classic Cocoa 250g ,1,195,195,COCOA,In store
Angel Yeast box ,1,30.34,30.34,STARCHES ,
Calumet Baking Powder 50g,1,16.41,16.41,STARCHES ,
Ferna Baking soda 250g,14,38,532,STARCHES ,
Baking Soda 100g,5,8,40,STARCHES ,
COT 50g,4,20,80,STARCHES ,
Ferna Gelatine 50g,18,58.67,1056.06,STARCHES ,
Cornstarch 1kg ,6,43,258,STARCHES ,
Cornstarch 500g,17,23,391,STARCHES ,
Tylose Powder 50g,1,27,27,STARCHES ,
Angel Yeast packet ,15,7,105,STARCHES ,
Saf Instant 125g,2,88,176,STARCHES ,In store
COT 1kg ,1,0,0,STARCHES ,In store
Bread Improver 50g,1,15,15,STARCHES ,In store
Cornstarch 250g ,16,13,208,STARCHES ,In store
Angel Yeast 500g,1,115,115,STARCHES ,In store
Calumet Baking Power 1kg,1,0,0,STARCHES ,In store
Obrim Bread Improver 50g,12,20,240,STARCHES ,In store
Saf Instant 11g,1,20,20,STARCHES ,In store
Bakersfield Ube ,4,300,1200,FLAVORINGS ,
Bakersfield Vanilla ,1,339,339,FLAVORINGS ,
LC Choco Syrup ,1,185,185,FLAVORINGS ,
LC Chocolate Fondue ,7,225,1575,FLAVORINGS ,
LC Choco Fudge ,1,245,245,FLAVORINGS ,
LC Caramel Fudge ,5,223.46,1117.3,FLAVORINGS ,
LC Caramel Syrup ,1,182.5,182.5,FLAVORINGS ,
McCormick Vanilla Flavor 475ml,1,410,410,FLAVORINGS ,
Neco Vanilla 120ml,1,30.9,30.9,FLAVORINGS ,
Neco Vanilla 60ml,1,27,27,FLAVORINGS ,
McCormick Mango 30ml,1,50,50,FLAVORINGS ,
McCormick Lemon 30ml,8,58,464,FLAVORINGS ,
McCormick Pandan 30ml,11,40,440,FLAVORINGS ,
Mccormick Vanilla 30ml,4,50,200,FLAVORINGS ,
Mccormick Strawberry 30ml,1,44,44,FLAVORINGS ,
Mccormick Ube 30ml ,2,76,152,FLAVORINGS ,
Mccormick Banana 30ml,1,51,51,FLAVORINGS ,
Primera Ube 30ml ,1,40,40,FLAVORINGS ,
Primera Mocha 30ml,1,42.94,42.94,FLAVORINGS ,
LC Yema Fudge ,3,219.62,658.86,FLAVORINGS ,
PB Strawberry Powder 50g,1,40,40,FLAVORINGS ,
Mango Powder 50g,1,38,38,FLAVORINGS ,
PB Ube Powder 50g,4,53,212,FLAVORINGS ,
CRV Ube Powder 50g,15,27,405,FLAVORINGS ,
Orion Vanilla 350ml,11,30.25,332.75,FLAVORINGS ,
Iodized Salt 250g,5,9,45,FLAVORINGS ,In store
CRV Ube 1kg ,1,465,465,FLAVORINGS ,In store
Ferna Vanilla Clear ,17,46,782,FLAVORINGS ,In store
Primera Choco 30ml ,1,45,45,FLAVORINGS ,In store
Neco Vanilla 1L ,1,85,85,FLAVORINGS ,In store
Flavorade Ube 60ml ,8,84,672,FLAVORINGS ,In store
Flavorade Choco 60ml ,1,70,70,FLAVORINGS ,In store
Achievers Matcha Powder 50g,1,65,65,FLAVORINGS ,In store
Flavorade Vanilla 60ml ,1,75,75,FLAVORINGS ,In store
Flavorade Mocha 60ml ,1,75,75,FLAVORINGS ,In store
Flavorade Strawberry 60ml ,1,75,75,FLAVORINGS ,In store
Flavorade Mango 60ml ,1,75,75,FLAVORINGS ,In store
CRV Ube 250g,1,0,0,FLAVORINGS ,In store
Cinnamon Ground 50g,27,30,810,FLAVORINGS ,In store
LC White Choco Fudge ,1,185,185,FLAVORINGS ,In store
Biscoff Smooth ,1,350,350,FLAVORINGS ,In store
PB Matcha 50g ,9,70,630,FLAVORINGS ,In store
McCormick Vanilla Clear ,1,48,48,FLAVORINGS ,In store
Cinammon Powder 1kg ,1,0,0,FLAVORINGS ,In store
Duke's Chocolate Fondue ,2,259,518,FLAVORINGS ,In store
Pureblends 50g Matcha ,17,55.06,936.02,FLAVORINGS ,In store
Pureblends Matcha 500g ,1,0,0,FLAVORINGS ,In store
Neco Banana ,2,0,0,FLAVORINGS ,In store
Vizyon Pistachio Paste ,1,1550,1550,FLAVORINGS ,In store
DLA Pistachio Sauce ,1,1750,1750,FLAVORINGS ,In store
Ferna Red Liquid 30ml ,11,40,440,FOOD COLOR ,
Ferna Blue Liquid 30ml ,11,38,418,FOOD COLOR ,
Ferna Fuschia Liquid 30ml,6,34,204,FOOD COLOR ,
Ferna Pink Liquid 30ml ,15,35,525,FOOD COLOR ,
Ferna Purple Liquid 30ml ,1,37,37,FOOD COLOR ,
Ferna Green Liquid 30ml,4,38.5,154,FOOD COLOR ,
Ferna Brown Liquid 30ml ,6,37,222,FOOD COLOR ,
Ferna Violet Liquid 30ml ,9,37,333,FOOD COLOR ,
Ferna Yellow Liquid 30ml ,7,37.86,265.02,FOOD COLOR ,
Mccormick Green liquid 30ml ,4,40,160,FOOD COLOR ,
Mccormick Yellow Liquid 30ml ,1,40,40,FOOD COLOR ,
Mccormick Blue liquid 30ml ,5,41,205,FOOD COLOR ,
Mccormick Red liquid 30ml ,1,47,47,FOOD COLOR ,
Peotraco Yellow gel 20ml ,9,74.74,672.66,FOOD COLOR ,
Peotraco Red gel 20ml ,18,77,1386,FOOD COLOR ,
Peotraco Green gel 20ml ,4,74,296,FOOD COLOR ,
Peotraco Black gel 20ml ,2,74,148,FOOD COLOR ,
Peotraco Blue gel 20ml ,5,76.4,382,FOOD COLOR ,
Peotraco White gel 20ml ,1,74,74,FOOD COLOR ,
CM Rose Pink ,1,70,70,FOOD COLOR ,
CM Georgia Peach ,1,65,65,FOOD COLOR ,
CM Deep Pink ,4,92,368,FOOD COLOR ,
CM Super Red ,1,75,75,FOOD COLOR ,
CM Purple ,1,80,80,FOOD COLOR ,
CM Xmas Red ,2,81,162,FOOD COLOR ,
CM Sunset Orange ,1,65,65,FOOD COLOR ,
CM Violet ,5,88,440,FOOD COLOR ,
CM Fuschia ,1,75,75,FOOD COLOR ,
CM Skyblue ,1,65,65,FOOD COLOR ,
CM Teal Green ,1,65,65,FOOD COLOR ,
CM Leaf Green ,7,65,455,FOOD COLOR ,
CM Forest Green ,1,65,65,FOOD COLOR ,
CM Mint Green ,1,65,65,FOOD COLOR ,
CM Buckeye Brown ,6,75,450,FOOD COLOR ,
CM Coal Black ,5,85.71,428.55,FOOD COLOR ,
CM Royal Blue ,7,92,644,FOOD COLOR ,
CM Lemon Yellow ,1,65,65,FOOD COLOR ,
CM Golden Yellow ,1,75,75,FOOD COLOR ,
CM Aqua Blue ,1,0,0,FOOD COLOR ,In store
CM Bakers Rose ,1,79.16999817,79.16999817,FOOD COLOR ,In store
CM Super Navy Blue ,1,75,75,FOOD COLOR ,In store
CM Red Red ,1,75,75,FOOD COLOR ,In store
Peotraco Brown Gel ,8,76.85,614.8,FOOD COLOR ,In store
Mccormick Violet ,1,40,40,FOOD COLOR ,In store
Ferna Black liquid 30ml,4,33,132,FOOD COLOR ,In store
VH White Chocolate 1kg ,1,260.8,260.8,CHOCOLATE BAR/CHIPS ,
FUJI Dark 1kg ,21,281,5901,CHOCOLATE BAR/CHIPS ,
BERYL'S Bittersweet Bar 1kg ,1,210,210,CHOCOLATE BAR/CHIPS ,
BERYL'S Semisweet Bar 1kg ,1,270,270,CHOCOLATE BAR/CHIPS ,
BERYL'S Dark Bar 1kg ,8,330,2640,CHOCOLATE BAR/CHIPS ,
BERYL'S White Bar 1kg ,3,322,966,CHOCOLATE BAR/CHIPS ,
SEVONA Dark 1kg ,11,300,3300,CHOCOLATE BAR/CHIPS ,
FUJI semisweet 200g,6,76,456,CHOCOLATE BAR/CHIPS ,
BERYL'S White Bar 200g,3,80,240,CHOCOLATE BAR/CHIPS ,
BERYL'S White Chips 1kg ,6,318,1908,CHOCOLATE BAR/CHIPS ,
VH Choco Chips 1kg ,1,284,284,CHOCOLATE BAR/CHIPS ,
BERYL'S Choco Chips 1kg ,6,303,1818,CHOCOLATE BAR/CHIPS ,
FUJI Semisweet 1kg,18,281,5058,CHOCOLATE BAR/CHIPS ,In store
FUJI Dark 200g,3,75.41000366,226.230011,CHOCOLATE BAR/CHIPS ,In store
VH IntenseDark Bar 1kg ,2,324,648,CHOCOLATE BAR/CHIPS ,In store
FUJI Milk Choco 1kg ,2,281,562,CHOCOLATE BAR/CHIPS ,In store
VH Milk Chocolate 1kg ,1,265,265,CHOCOLATE BAR/CHIPS ,In store
Bery's Dark Bar 200g ,24,80,1920,CHOCOLATE BAR/CHIPS ,In store
Chocolate Lentils 250g,1,77,77,CHOCOLATE BAR/CHIPS ,In store
Chocolate Stones 250g,1,74,74,CHOCOLATE BAR/CHIPS ,In store
FUJI Milk Choco 200g ,1,57,57,CHOCOLATE BAR/CHIPS ,In store
Mayfair ChocoDrops 1kg ,1,245,245,CHOCOLATE BAR/CHIPS ,In store
Sevona White 1kg,1,270,270,CHOCOLATE BAR/CHIPS ,In store
BERYL'S Choco Chips 200g,11,65,715,CHOCOLATE REPACKED ,
BERYL'S Choco Chips 500g,4,150,600,CHOCOLATE REPACKED ,
VH Choco Chips 500g,1,145,145,CHOCOLATE REPACKED ,
BERYLS' White Chips 200g,3,80,240,CHOCOLATE REPACKED ,
BERYL'S White Chips 500g,3,150,450,CHOCOLATE REPACKED ,
Callebaut Dark 200G,1,65,65,CHOCOLATE REPACKED ,
Callebaut White 200G,2,68,136,CHOCOLATE REPACKED ,
VH Choco Chips 200g,1,60,60,CHOCOLATE REPACKED ,In store
Callebaut Dark 500g ,1,0,0,CHOCOLATE REPACKED ,In store
Callebaut Dark 1kg ,1,0,0,CHOCOLATE REPACKED ,In store
Callebaut White 1kg ,1,0,0,CHOCOLATE REPACKED ,In store
Callebaut White 500g ,1,0,0,CHOCOLATE REPACKED ,In store
VH Couverture Dark 200g ,1,0,0,CHOCOLATE REPACKED ,In store
MY San Crackers ,23,42.5,977.5,TOPPINGS ,
MY San Gcrushed 1kg ,6,210,1260,TOPPINGS ,
Rolled Oats 1kg ,1,114.8600006,114.8600006,TOPPINGS ,
Clara Cherries 280g,1,155,155,TOPPINGS ,
Oreo Crushed 454g,2,205,410,TOPPINGS ,
Mallows L White 670g,1,110,110,TOPPINGS ,
Mallows L White 340g,17,71,1207,TOPPINGS ,
Mallows L White 170g,34,35,1190,TOPPINGS ,
Ube Paste 1kg ,8,150,1200,TOPPINGS ,
DLA Blueberry 30%,2,265,530,TOPPINGS ,
DLA Blueberry 50%,11,382,4202,TOPPINGS ,
DLA Strawberry ,9,210,1890,TOPPINGS ,
Dessicated Coconut 250g,2,48,96,TOPPINGS ,
Dessicated Coconut 1kg ,1,176,176,TOPPINGS ,
MY San Crushed 200g,33,49,1617,TOPPINGS ,
DLA Mango ,1,265,265,TOPPINGS ,In store
Mallows asstd 340g ,12,0,0,TOPPINGS ,In store
Dessicated Coconut 500g ,3,85,255,TOPPINGS ,In store
Mini White Mallows 680g,5,106,530,TOPPINGS ,In store
Assorted Mini Mallows 680g,3,115,345,TOPPINGS ,In store
Mini Assorted Mallows 170g ,2,40,80,TOPPINGS ,In store
Rolled Oats 250g,6,45,270,TOPPINGS ,In store
Rolled Oats 500g ,1,0,0,TOPPINGS ,In store
Lotus Biscoff 125g ,1,120,120,TOPPINGS ,In store
Lotus Biscoff 250g ,2,165.45,330.9,TOPPINGS ,In store
Pandesal Crumbs,14,35,490,TOPPINGS ,In store
Sunny Cherries 353g,9,220,1980,TOPPINGS ,In store
Kataifi 185g,1,616,616,TOPPINGS ,In store
,1,135,135,OILS ,
Vegetable Oil 1L,3,136,408,OILS ,
 Shortening 500g,1,50,50,OILS ,
Shortening 1kg ,1,0,0,OILS ,In store
Shortening 250g,2,30,60,OILS ,In store
Jolly Canola Oil ,1,145,145,OILS ,In store
Baker's Delite Chiffon Oil ,1,170,170,OILS ,In store
Palm Oil 485ml,4,68,272,OILS ,In store
Prairie Farms 225g ,1,129,129,CREAMCHEESE/CHEESE ,
Prairie Farms 1.36kg ,1,688,688,CREAMCHEESE/CHEESE ,
Anchor Ccheese 1kg ,2,505,1010,CREAMCHEESE/CHEESE ,
Dairymont Ccheese 2kg ,1,925,925,CREAMCHEESE/CHEESE ,
MG CreamCheese ,1,860,860,CREAMCHEESE/CHEESE ,In store
Philadelphia Creamcheese ,1,190,190,CREAMCHEESE/CHEESE ,In store
Blue Vermicelli ,2,10,20,CAKE EDIBLE TOPPERS,
Red Vermicelli,1,0,0,CAKE EDIBLE TOPPERS,
Asstd Vermicelli,5,10,50,CAKE EDIBLE TOPPERS,
Pink Vermicelli  ,31,9.19,284.89,CAKE EDIBLE TOPPERS,
Gold Dust ,4,120,480,CAKE EDIBLE TOPPERS,
Silver White Luster dust ,6,120,720,CAKE EDIBLE TOPPERS,
Gold Flakes ,7,45,315,CAKE EDIBLE TOPPERS,
Silver Flakes ,3,59,177,CAKE EDIBLE TOPPERS,
Unicorn head dragees ,1,0,0,CAKE EDIBLE TOPPERS,In store
Big Heat dragees ,1,0,0,CAKE EDIBLE TOPPERS,In store
Ocean sprinkles ,1,0,0,CAKE EDIBLE TOPPERS,In store
L pearl dragees ,1,20,20,CAKE EDIBLE TOPPERS,In store
M pearls dragees,3,20,60,CAKE EDIBLE TOPPERS,In store
S pearl dragees ,4,25,100,CAKE EDIBLE TOPPERS,In store
Asstd pearls dragees,64,25,1600,CAKE EDIBLE TOPPERS,In store
Unicorn mixed ,1,0,0,CAKE EDIBLE TOPPERS,In store
Red dragees,1,0,0,CAKE EDIBLE TOPPERS,In store
Pink dragees ,1,20,20,CAKE EDIBLE TOPPERS,In store
Asstd confetti ,9,20,180,CAKE EDIBLE TOPPERS,In store
Pressed pink ,11,0,0,CAKE EDIBLE TOPPERS,In store
Pressed blue,1,0,0,CAKE EDIBLE TOPPERS,In store
Purple dragees ,1,0,0,CAKE EDIBLE TOPPERS,In store
Mixed Gold w/star ,1,0,0,CAKE EDIBLE TOPPERS,In store
Pressed gold,3,0,0,CAKE EDIBLE TOPPERS,In store
Rose Gold dust ,2,70,140,CAKE EDIBLE TOPPERS,In store
Chocolate Sprinkles ,3,10,30,CAKE EDIBLE TOPPERS,In store
Edible Carrots ,1,28,28,CAKE EDIBLE TOPPERS,In store
Rose Gold Flakes ,1,65,65,CAKE EDIBLE TOPPERS,In store
Pink Shells sprinkles ,1,25,25,CAKE EDIBLE TOPPERS,In store
XL gold dragees ,1,43,43,CAKE EDIBLE TOPPERS,In store
Asstd silver dragees ,31,43,1333,CAKE EDIBLE TOPPERS,In store
Choco Stone ,1,28,28,CAKE EDIBLE TOPPERS,In store
XL Pearl dragees ,1,25,25,CAKE EDIBLE TOPPERS,In store
Non Pareils Asstd,11,20,220,CAKE EDIBLE TOPPERS,In store
Holly berry sprinkles ,1,25,25,CAKE EDIBLE TOPPERS,In store
S gold dragees,7,43,301,CAKE EDIBLE TOPPERS,In store
Mixed Heart sprinkle ,1,23,23,CAKE EDIBLE TOPPERS,In store
L silver dragees ,1,0,0,CAKE EDIBLE TOPPERS,In store
Choco stone white ,1,25,25,CAKE EDIBLE TOPPERS,In store
Hearts Sprinkles mixed ,1,24,24,CAKE EDIBLE TOPPERS,In store
RWP hearts sprinkles ,1,24,24,CAKE EDIBLE TOPPERS,In store
Tiny Pastel Mixed Dragees ,1,32,32,CAKE EDIBLE TOPPERS,In store
Confetti Mixed Dragees,2,32,64,CAKE EDIBLE TOPPERS,In store
Tiny Silver Dragees ,2,35,70,CAKE EDIBLE TOPPERS,In store
Tiny Gold dragees ,8,35,280,CAKE EDIBLE TOPPERS,In store
Silver Rod dragees ,1,35,35,CAKE EDIBLE TOPPERS,In store
S Silver dragees ,28,20,560,CAKE EDIBLE TOPPERS,In store
Non Pareils Purple ,23,20,460,CAKE EDIBLE TOPPERS,In store
Non Pareils Halloween ,8,20,160,CAKE EDIBLE TOPPERS,In store
Non Pareils Purple mixed,7,20,140,CAKE EDIBLE TOPPERS,In store
Non Pareils White ,1,20,20,CAKE EDIBLE TOPPERS,In store
Non Pareils Blue ,12,20,240,CAKE EDIBLE TOPPERS,In store
Assorted Sprinkles 250g,1,57,57,CAKE EDIBLE TOPPERS,In store
Chocolate Sprinkles 500g ,1,0,0,CAKE EDIBLE TOPPERS,In store
Tiny Pearls ,1,25,25,CAKE EDIBLE TOPPERS,In store
M Gold dragees ,51,45,2295,CAKE EDIBLE TOPPERS,In store
White Gray Edible dust ,1,90,90,CAKE EDIBLE TOPPERS,In store
Non Pareils Pink ,17,20,340,CAKE EDIBLE TOPPERS,In store
Non Pareils Red ,1,20,20,CAKE EDIBLE TOPPERS,In store
Assorted Star Sprinkles ,1,0,0,CAKE EDIBLE TOPPERS,In store
Mixed Pastel Sprinkles ,1,30,30,CAKE EDIBLE TOPPERS,In store
Flowers & stars ,1,22,22,CAKE EDIBLE TOPPERS,In store
Springmixed sprinkles ,19,22,418,CAKE EDIBLE TOPPERS,In store
XL silver dragees ,1,45,45,CAKE EDIBLE TOPPERS,In store
M Silver dragees,5,45,225,CAKE EDIBLE TOPPERS,In store
Assorted Sprinkles 1kg,3,170,510,CAKE EDIBLE TOPPERS,In store
Capsule Silver ,23,40,920,CAKE EDIBLE TOPPERS,In store
Pressed On pastel,8,25,200,CAKE EDIBLE TOPPERS,In store
Confetti mixed,8,25,200,CAKE EDIBLE TOPPERS,In store
Confetti star ,1,25,25,CAKE EDIBLE TOPPERS,In store
Colorful star ,6,25,150,CAKE EDIBLE TOPPERS,In store
Colorful Flats ,14,25,350,CAKE EDIBLE TOPPERS,In store
Non Pareils metallic ,4,25,100,CAKE EDIBLE TOPPERS,In store
Gold Capsule ,2,50,100,CAKE EDIBLE TOPPERS,In store
L gold dragees ,2,35,70,CAKE EDIBLE TOPPERS,In store
Asstd gold dragees,13,20,260,CAKE EDIBLE TOPPERS,In store
Star Gold Sprinkles ,13,20,260,CAKE EDIBLE TOPPERS,In store
Mini Mini Hearts ,35,25,875,CAKE EDIBLE TOPPERS,In store
Heart Sprinkles ,24,25,600,CAKE EDIBLE TOPPERS,In store
White Sprinkles,19,10,190,CAKE EDIBLE TOPPERS,In store
Non Pareils assorted orange,28,20,560,CAKE EDIBLE TOPPERS,In store
WS All Purpose 1kg ,11,55,605,FLOURS ,
WS Cake Flour 1kg,16,55,880,FLOURS ,
APF sack 25kg ,1,1320,1320,FLOURS ,In store
BF sack 25kg ,1,550,550,FLOURS ,In store
CF sack 25kg ,1,1320,1320,FLOURS ,In store
WhiteKing APF ,1,50,50,FLOURS ,In store
Republic Bread Flour 1kg ,24,42,1008,FLOURS ,In store
Republic Bread Flour 25kg ,1,0,0,FLOURS ,In store
Cashew Diced 200g,6,50,300,NUTS ,
Cashew Diced 500g,4,115,460,NUTS ,
Split Cashew 250g,1,0,0,NUTS ,
Split Cashew 100g,1,49,49,NUTS ,
Split Cashew 500g,1,0,0,NUTS ,
Split Cashew 1kg,1,0,0,NUTS ,
Sliced Almonds 1kg ,1,560,560,NUTS ,
Sliced Almonds 500g,28,270,7560,NUTS ,
Sliced Almonds 100g,14,70,980,NUTS ,
Walnuts 1kg,1,520,520,NUTS ,
Walnuts 500g,2,270,540,NUTS ,
Walnuts 100g,13,61.67,801.71,NUTS ,
Cashew Diced 1kg ,1,0,0,NUTS ,In store
Walnuts 250g ,2,0,0,NUTS ,In store
Sliced Almonds 250g ,1,0,0,NUTS ,In store
Peotraco Glucose 750g,12,104.54,1254.48,SWEETENERS,
Glycerine 100ml ,9,71,639,SWEETENERS,In store
Fructose 1.250 L ,1,95,95,SWEETENERS,In store
Light Corn Syrup ,1,98,98,SWEETENERS,In store
Round Pan 4x3,1,53.85,53.85,BAKING PANS,
Round Pan 5x3,1,60,60,BAKING PANS,
Round Pan 6x3,2,99,198,BAKING PANS,
Round Pan 7x3,7,111,777,BAKING PANS,
Round Pan 8x3,6,90,540,BAKING PANS,
Round Pan 9x3,1,105,105,BAKING PANS,
Round Pan 10x3 ,1,117.5,117.5,BAKING PANS,
Round Pan 12x3,4,158,632,BAKING PANS,
Loaf Pan 6x3,2,29,58,BAKING PANS,
Loaf Pan 7x3,1,30,30,BAKING PANS,
Loaf Pan 8x3,9,32,288,BAKING PANS,
12hole Cupcake molder ,2,95,190,BAKING PANS,
6hole Cupcake Molder,1,60,60,BAKING PANS,
Heart Shaped pan 4,1,0,0,BAKING PANS,
Heart Shaped Pan 6,1,22.5,22.5,BAKING PANS,
Heart shaped Pan 7,1,0,0,BAKING PANS,
Heart Shaped Pan 8,3,0,0,BAKING PANS,
Pizza Plate 10,1,71.66999817,71.66999817,BAKING PANS,
Pizza Plate 12,1,120,120,BAKING PANS,
Pie Pan 7,2,65,130,BAKING PANS,
Pie Pan 8,4,75,300,BAKING PANS,
Sq pan 8x8 ,11,42,462,BAKING PANS,
Sq Pan 10x10,2,46,92,BAKING PANS,
Rec 7x11 Pan ,2,40,80,BAKING PANS,
Rec 8x12 Pan ,1,46,46,BAKING PANS,
Rec 9x13 Pan ,1,50,50,BAKING PANS,
Rec 10x14 Pan ,1,52,52,BAKING PANS,
11x15 Jelly Roll Pan ,1,64,64,BAKING PANS,
12x16 Jelly Roll Pan ,2,66,132,BAKING PANS,
Heart Shaped Pan 9,1,0,0,BAKING PANS,
Ensaymada Molder '5,8,35,280,BAKING PANS,
Ensaymada molder '6,17,0.91,15.47,BAKING PANS,
Sq Pan 6x6,2,38,76,BAKING PANS,In store
Sq Pan 7x7,3,40,120,BAKING PANS,In store
Sq Pan 9x9,2,44,88,BAKING PANS,In store
Cookie tray 13x18,1,110,110,BAKING PANS,In store
Cookie Tray 9x13,1,85.4,85.4,BAKING PANS,In store
Cookie Tray 12x16 ,1,105,105,BAKING PANS,In store
1oz Cupcake Molder ,1,135,135,BAKING PANS,In store
Cookie Tray 10x14,1,52,52,BAKING PANS,In store
Colored Measuring set ,5,60,300,KITCHEN TOOL/ACCESORIES,
Oven thermometer ,1,90,90,KITCHEN TOOL/ACCESORIES,
Cake Lifter ,2,25,50,KITCHEN TOOL/ACCESORIES,
Cake Tester ,1,55,55,KITCHEN TOOL/ACCESORIES,
3pc Spatula set,1,0,0,KITCHEN TOOL/ACCESORIES,
Medium Spatula ,2,55,110,KITCHEN TOOL/ACCESORIES,
Large Spatula,2,60,120,KITCHEN TOOL/ACCESORIES,
Donut Cutter,1,48,48,KITCHEN TOOL/ACCESORIES,
Food Gloves ,2,35,70,KITCHEN TOOL/ACCESORIES,
Cake Leveler ,1,135,135,KITCHEN TOOL/ACCESORIES,
Fondant Smoother,1,42,42,KITCHEN TOOL/ACCESORIES,
Medium Coupler ,1,0,0,KITCHEN TOOL/ACCESORIES,
Palette Knives set ,1,80,80,KITCHEN TOOL/ACCESORIES,
Cake Turntable ,1,85,85,KITCHEN TOOL/ACCESORIES,
Kitchen Scale ,1,120,120,KITCHEN TOOL/ACCESORIES,
Large Scraper ,2,32,64,KITCHEN TOOL/ACCESORIES,In store
Medium Scraper ,1,36,36,KITCHEN TOOL/ACCESORIES,In store
Money Box ,1,45,45,KITCHEN TOOL/ACCESORIES,In store
L Silicone Mat ,3,130,390,KITCHEN TOOL/ACCESORIES,In store
M Silicone Mat ,3,85,255,KITCHEN TOOL/ACCESORIES,In store
Cooling Rack ,2,75,150,KITCHEN TOOL/ACCESORIES,In store
Wooden Spoon ,1,0,0,KITCHEN TOOL/ACCESORIES,In store
Flower nail ,1,41,41,KITCHEN TOOL/ACCESORIES,In store
Scissors w/ nail ,3,51,153,KITCHEN TOOL/ACCESORIES,In store
Uppercase Plunger ,1,205,205,KITCHEN TOOL/ACCESORIES,In store
Number Stamp,1,0,0,KITCHEN TOOL/ACCESORIES,In store
Silicone Spatula ,1,47,47,KITCHEN TOOL/ACCESORIES,In store
Cake Rotator Metal ,1,715,715,KITCHEN TOOL/ACCESORIES,In store
"HeavyDuty Spatula ""11",1,78,78,KITCHEN TOOL/ACCESORIES,In store
Cutting Mat ,1,0,0,KITCHEN TOOL/ACCESORIES,In store
Silicone Large Whisk ,1,0,0,KITCHEN TOOL/ACCESORIES,In store
L Wooden Rolling Pin ,5,0,0,KITCHEN TOOL/ACCESORIES,In store
Number Cake Stencil ,1,0,0,KITCHEN TOOL/ACCESORIES,In store
Spoon Spatula 21cm ,1,50,50,KITCHEN TOOL/ACCESORIES,In store
Digital Scale ,1,160,160,KITCHEN TOOL/ACCESORIES,In store
Blakk Hand Mixer ,1,800,800,KITCHEN TOOL/ACCESORIES,In store
Cookie Cutter set ,1,0,0,KITCHEN TOOL/ACCESORIES,In store
Small Spatula ,1,0,0,KITCHEN TOOL/ACCESORIES,In store
Spatula 21cm ,1,0,0,KITCHEN TOOL/ACCESORIES,In store
Medium Egg Beater ,1,35,35,KITCHEN TOOL/ACCESORIES,In store
Pizza Cutter ,1,0,0,KITCHEN TOOL/ACCESORIES,In store
M Wooden Rolling Pin,1,0,0,KITCHEN TOOL/ACCESORIES,In store
Mixing Bowl 2500ml,3,106.25,318.75,KITCHEN TOOL/ACCESORIES,In store
Mixing Bowl 2000ml ,2,97,194,KITCHEN TOOL/ACCESORIES,In store
Mixing Bowl 1200ml ,3,80,240,KITCHEN TOOL/ACCESORIES,In store
Mixing Bowl 700ml ,3,60,180,KITCHEN TOOL/ACCESORIES,In store
"Whisk ""10",4,69,276,KITCHEN TOOL/ACCESORIES,In store
"Whisk ""12",1,79,79,KITCHEN TOOL/ACCESORIES,In store
Bride to be ,18,25,450,CAKE TOPPERS,
Mr/Mrs Topper,31,35,1085,CAKE TOPPERS,
40 topper acrylic ,6,25,150,CAKE TOPPERS,In store
50 topper acrylic ,1,25,25,CAKE TOPPERS,In store
70 topper acrylic,1,25,25,CAKE TOPPERS,In store
HBD character ,8,35,280,CAKE TOPPERS,In store
Ballerina topper ,3,25,75,CAKE TOPPERS,In store
Best wishes ,5,25,125,CAKE TOPPERS,In store
My love topper,9,25,225,CAKE TOPPERS,In store
Cocomelon ,5,65,325,CAKE TOPPERS,In store
He/she glittered,1,35,35,CAKE TOPPERS,In store
He/she Acrylic ,3,25,75,CAKE TOPPERS,In store
Mr&Mrs Topper ,11,26.12,287.32,CAKE TOPPERS,In store
Happy Anniv topper ,1,20,20,CAKE TOPPERS,In store
HBD topper small,9,2,18,CAKE TOPPERS,In store
Hello 21 topper,1,25,25,CAKE TOPPERS,In store
Sweet 16 topper ,5,25,125,CAKE TOPPERS,In store
Hello 30 topper ,1,25,25,CAKE TOPPERS,In store
Hello 60 topper ,7,25,175,CAKE TOPPERS,In store
Happy 70th topper ,2,25,50,CAKE TOPPERS,In store
Happy 18th topper ,8,25,200,CAKE TOPPERS,In store
ONE topper ,5,20,100,CAKE TOPPERS,In store
Happy 50th topper,3,25,75,CAKE TOPPERS,In store
happy 60th acrylic ,1,25,25,CAKE TOPPERS,In store
0 Gold topper ,1,15,15,CAKE TOPPERS,In store
1 Gold topper ,2,15,30,CAKE TOPPERS,In store
2 Gold topper ,6,15,90,CAKE TOPPERS,In store
3 Gold topper ,11,15,165,CAKE TOPPERS,In store
4 Gold topper ,9,15,135,CAKE TOPPERS,In store
5 Gold topper ,2,15,30,CAKE TOPPERS,In store
6 Gold topper ,6,15,90,CAKE TOPPERS,In store
7 Gold topper ,1,15,15,CAKE TOPPERS,In store
8 Gold topper ,4,15,60,CAKE TOPPERS,In store
9 Gold topper ,5,15,75,CAKE TOPPERS,In store
Happy Christening topper,1,25,25,CAKE TOPPERS,In store
HBD Mommy ,8,25,200,CAKE TOPPERS,In store
HBD Daddy ,1,25,25,CAKE TOPPERS,In store
HBD Mama ,5,25,125,CAKE TOPPERS,In store
HBD Papa ,2,25,50,CAKE TOPPERS,In store
Happy Birthday Topper ,1,20,20,CAKE TOPPERS,In store
Happy 40th ,14,20,280,CAKE TOPPERS,In store
Happy 50th acrylic ,6,30,180,CAKE TOPPERS,In store
18 topper ,16,26,416,CAKE TOPPERS,In store
Mr&Mrs small ,5,19,95,CAKE TOPPERS,In store
0 Silver topper,1,0,0,CAKE TOPPERS,In store
1 Silver topper ,1,15,15,CAKE TOPPERS,In store
2 Silver Topper ,1,15,15,CAKE TOPPERS,In store
3 Silver topper ,5,15,75,CAKE TOPPERS,In store
4 Silver topper ,5,15,75,CAKE TOPPERS,In store
5 Silver topper ,1,15,15,CAKE TOPPERS,In store
6 Silver topper ,5,15,75,CAKE TOPPERS,In store
7 Silver topper,3,15,45,CAKE TOPPERS,In store
8 Silver topper ,3,15,45,CAKE TOPPERS,In store
9 Silver Topper ,5,15,75,CAKE TOPPERS,In store
It's A Boy acrylic ,2,25,50,CAKE TOPPERS,In store
Heels Lady Topper ,6,20,120,CAKE TOPPERS,In store
Oh Baby topper,3,18,54,CAKE TOPPERS,In store
Hello 50 topper ,1,25,25,CAKE TOPPERS,In store
50 topper small ,1,13,13,CAKE TOPPERS,In store
60 topper small ,21,13,273,CAKE TOPPERS,In store
50 topper ,1,30,30,CAKE TOPPERS,In store
HappyBday Topper ,7,9,63,CAKE TOPPERS,In store
Fabulous 30 Topper ,3,27,81,CAKE TOPPERS,In store
Fabulous 40 Topper ,1,27,27,CAKE TOPPERS,In store
Fabulous 50 Topper ,1,27,27,CAKE TOPPERS,In store
Fabulous 60 Topper ,1,27,27,CAKE TOPPERS,In store
Graduation Topper ,12,27,324,CAKE TOPPERS,In store
60 Acrylic ,1,25,25,CAKE TOPPERS,In store
80 Topper,6,25,150,CAKE TOPPERS,In store
Hello 60 Topper ,5,25,125,CAKE TOPPERS,In store
Rainbow HBD Topper,5,15,75,CAKE TOPPERS,In store
Forty Topper ,5,30,150,CAKE TOPPERS,In store
Sixty Topper ,1,30,30,CAKE TOPPERS,In store
Seventy Topper ,4,30,120,CAKE TOPPERS,In store
Eighty Topper ,2,30,60,CAKE TOPPERS,In store
Fifty Topper ,1,30,30,CAKE TOPPERS,In store
HBD Plate ,5,10,50,CAKE TOPPERS,In store
Crucifix Topper ,2,15,30,CAKE TOPPERS,In store
Happy 30th acrylic ,8,25,200,CAKE TOPPERS,In store
MR&MRS wood,4,40,160,CAKE TOPPERS,In store
Child of God ,6,20,120,CAKE TOPPERS,In store
60 & Fab ,6,0,0,CAKE TOPPERS,In store
40 & Fab ,4,25,100,CAKE TOPPERS,In store
50 & Fab ,1,25,25,CAKE TOPPERS,In store
30 Topper ,6,25,150,CAKE TOPPERS,In store
Happy 60th topper ,5,35,175,CAKE TOPPERS,In store
Fairy topper ,4,20,80,CAKE TOPPERS,In store
Happy Christening Acrylic ,1,35,35,CAKE TOPPERS,In store
Happy 20th ,2,20,40,CAKE TOPPERS,In store
50yrs & Blessed,2,40,80,CAKE TOPPERS,In store
60yrs &Blessed,2,40,80,CAKE TOPPERS,In store
Big Cross Topper,8,23,184,CAKE TOPPERS,In store
God Bless ,5,26,130,CAKE TOPPERS,In store
Cardstock HBD ,25,31,775,CAKE TOPPERS,In store
Cardstock HBD 1,31,29,899,CAKE TOPPERS,In store
MR&MRS ,5,35,175,CAKE TOPPERS,In store
Money Plastic 50pcs ,6,20.43000031,122.5800019,PAPERS/PLASTIC/LINERS,
Aluminum Foil 10M,2,36,72,PAPERS/PLASTIC/LINERS,
Baking paper 5M ,68,29.81,2027.08,PAPERS/PLASTIC/LINERS,
Cling Wrap 30M,1,47,47,PAPERS/PLASTIC/LINERS,
Cling Wrap 300M,1,160,160,PAPERS/PLASTIC/LINERS,
Parchment yard ,1,6,6,PAPERS/PLASTIC/LINERS,
Cello Sheet Plain retail,11,10,110,PAPERS/PLASTIC/LINERS,
Cello Sheet Printed retail,4,10,40,PAPERS/PLASTIC/LINERS,
Thank you stcker,1,26.67,26.67,PAPERS/PLASTIC/LINERS,
Baking Paper 10M,88,46.36,4079.68,PAPERS/PLASTIC/LINERS,
Cello  Roll Plain ,11,165,1815,PAPERS/PLASTIC/LINERS,
Cello sheet printed roll ,1,166.5,166.5,PAPERS/PLASTIC/LINERS,
Paper straw ,41,8,328,PAPERS/PLASTIC/LINERS,In store
parchment 12,5,2.08,10.4,PAPERS/PLASTIC/LINERS,In store
M Piping bag ,163,1,163,PAPERS/PLASTIC/LINERS,In store
S Piping Bag ,39,1,39,PAPERS/PLASTIC/LINERS,In store
M Piping bag 100pcs ,7,68,476,PAPERS/PLASTIC/LINERS,In store
S Piping bag 100pcs,5,68,340,PAPERS/PLASTIC/LINERS,In store
L Piping bag 100pcs,4,81,324,PAPERS/PLASTIC/LINERS,In store
L piping bag ,129,2,258,PAPERS/PLASTIC/LINERS,In store
COPP L clear ,1,1.700000048,1.700000048,PAPERS/PLASTIC/LINERS,In store
COPP M clear ,1,1.5,1.5,PAPERS/PLASTIC/LINERS,In store
Cake Collar 10 1M,1,0,0,PAPERS/PLASTIC/LINERS,In store
Cake Collar 12 1M ,2,0,0,PAPERS/PLASTIC/LINERS,In store
Cake Collar 15 1M,1,0,0,PAPERS/PLASTIC/LINERS,In store
Cake Collar 10 WS ,1,85,85,PAPERS/PLASTIC/LINERS,In store
Cake Collar 12 WS ,1,91,91,PAPERS/PLASTIC/LINERS,In store
Cake Collar 15 WS ,1,111,111,PAPERS/PLASTIC/LINERS,In store
Bento liner 8x8,8,2,16,PAPERS/PLASTIC/LINERS,In store
Cake Bag 10x7,21,3.299999952,69.29999899,PAPERS/PLASTIC/LINERS,In store
Cake bag 11x11,23,4.6,105.8,PAPERS/PLASTIC/LINERS,In store
Cake bag 13x12,1,5.849999905,5.849999905,PAPERS/PLASTIC/LINERS,In store
Parchment roll xmas ,1,0,0,PAPERS/PLASTIC/LINERS,In store
Cookie Clear 10x10,4,45,180,PAPERS/PLASTIC/LINERS,In store
Floral wire 20,1,0,0,PAPERS/PLASTIC/LINERS,In store
"Floral Wire ""28",1,0,0,PAPERS/PLASTIC/LINERS,In store
Cake Bag 9x6,49,0,0,PAPERS/PLASTIC/LINERS,In store
Cake Bag 12x6,1,0,0,PAPERS/PLASTIC/LINERS,In store
Cake Collar 8 WS,1,0,0,PAPERS/PLASTIC/LINERS,In store
Lollipop sticks 20pcs,24,12.32,295.68,PAPERS/PLASTIC/LINERS,In store
Bento Liner 12x12,1,0,0,PAPERS/PLASTIC/LINERS,In store
Cake Bag 8x5,6,0,0,PAPERS/PLASTIC/LINERS,In store
Cake Bag 11x6,11,0,0,PAPERS/PLASTIC/LINERS,In store
Wax Paper 10M,1,35,35,PAPERS/PLASTIC/LINERS,In store
Cake Bag 12x11 ,1,0,0,PAPERS/PLASTIC/LINERS,In store
Cake Bag 14x12,11,0,0,PAPERS/PLASTIC/LINERS,In store
10x14 Parchment 100pcs ,1,0,0,PAPERS/PLASTIC/LINERS,In store
10x14 Parchment ,81,0,0,PAPERS/PLASTIC/LINERS,In store
Food Gloves pair ,7,0,0,PAPERS/PLASTIC/LINERS,In store
Metallic wire ,1,0,0,PAPERS/PLASTIC/LINERS,In store
Seashells Molder ,1,65,65,FONDANT MOLDERS ,
Small Rose Molder ,1,65,65,FONDANT MOLDERS ,
Make Up Molder ,1,50,50,FONDANT MOLDERS ,
Bows Molder ,1,1,1,FONDANT MOLDERS ,
Clouds Molder ,1,35,35,FONDANT MOLDERS ,
Working Tools Molder ,1,1,1,FONDANT MOLDERS ,
Baby Boy Molder ,1,55,55,FONDANT MOLDERS ,
Baby Girl Molder ,1,55,55,FONDANT MOLDERS ,
Baby Clothes Molder ,2,85,170,FONDANT MOLDERS ,
Snowflakes Molder ,1,55,55,FONDANT MOLDERS ,
Leaves Silicone molder ,1,55,55,FONDANT MOLDERS ,
Casino Molder ,1,60,60,FONDANT MOLDERS ,
Ocean Molder ,3,75,225,FONDANT MOLDERS ,
Stellar molder ,1,60,60,FONDANT MOLDERS ,
Truck set Molder ,2,90,180,FONDANT MOLDERS ,
Unicorn Head Silicone ,1,60,60,FONDANT MOLDERS ,
Crown Fondant Molder ,1,80,80,FONDANT MOLDERS ,
Medium Mermaid tail molder ,4,65,260,FONDANT MOLDERS ,
Animal set molder ,1,75,75,FONDANT MOLDERS ,
Small feet molder ,2,35,70,FONDANT MOLDERS ,
Star Molder ,1,1,1,FONDANT MOLDERS ,
Sunflower silicone ,1,1,1,FONDANT MOLDERS ,
Heart silicone ,1,85,85,FONDANT MOLDERS ,
Chocolate Block silicone ,1,80,80,FONDANT MOLDERS ,
Chocolate block set ,1,90,90,FONDANT MOLDERS ,
Seahorse mermaid silicone ,1,55,55,FONDANT MOLDERS ,
Shooting star silicone ,1,65,65,FONDANT MOLDERS ,
Donut silicone ,1,130,130,FONDANT MOLDERS ,
it's a girl cutter ,1,55,55,FONDANT MOLDERS ,
it's a boy cutter ,1,55,55,FONDANT MOLDERS ,
Happy bday cutter ,1,55,55,FONDANT MOLDERS ,
Hot air plunger ,1,120,120,FONDANT MOLDERS ,
Heart Plunger ,4,45,180,FONDANT MOLDERS ,
Xmas Molder ,2,0,0,FONDANT MOLDERS ,In store
L silicone mermaid tail ,1,85,85,FONDANT MOLDERS ,In store
M mermaid tail ,2,75,150,FONDANT MOLDERS ,In store
Pink seashells molder ,2,65,130,FONDANT MOLDERS ,In store
Doctor molder ,1,55,55,FONDANT MOLDERS ,In store
Shooting star molder ,2,55,110,FONDANT MOLDERS ,In store
baby boy silicone,1,55,55,FONDANT MOLDERS ,In store
Number molder ,1,85,85,FONDANT MOLDERS ,In store
Grid Molder ,1,55,55,FONDANT MOLDERS ,In store
Leaves Plunger ,1,55,55,FONDANT MOLDERS ,In store
Butterfly plunger ,2,55,110,FONDANT MOLDERS ,In store
Daisy Fondant ,3,55,165,FONDANT MOLDERS ,In store
Heart Plunger ,2,40,80,FONDANT MOLDERS ,In store
Mickey Mouse silicone ,1,5,5,FONDANT MOLDERS ,In store
Sunflower plunger ,1,65,65,FONDANT MOLDERS ,In store
Clouds & star ,1,65,65,FONDANT MOLDERS ,In store
Mermaid tail plunger ,5,0,0,FONDANT MOLDERS ,In store
Lowercase Letter Plunger ,1,185,185,FONDANT MOLDERS ,In store
Number Plunger ,1,0,0,FONDANT MOLDERS ,In store
Grid choco heart molder ,5,0,0,FONDANT MOLDERS ,In store
Geometric heart ,6,0,0,FONDANT MOLDERS ,In store
Penis molder ,4,0,0,FONDANT MOLDERS ,In store
flower grid molder ,2,0,0,FONDANT MOLDERS ,In store
Ribbon Plunger ,1,0,0,FONDANT MOLDERS ,In store
Blossoms Plunger set ,2,0,0,,In store
Tropical Leaf Cutter ,1,50,50,FONDANT MOLDERS ,In store
3D Flower ,3,50,150,FONDANT MOLDERS ,In store
Stencil letter ,1,80,80,FONDANT MOLDERS ,In store
Letter Silicone Molder ,1,70,70,FONDANT MOLDERS ,In store
Oceans Molder,1,66,66,FONDANT MOLDERS ,In store
Floral Molder ,1,60,60,FONDANT MOLDERS ,In store
Nautical Molder ,2,50,100,FONDANT MOLDERS ,In store
Nightmode Molder ,1,80,80,FONDANT MOLDERS ,In store
Rose silicone molder ,68,2,136,FONDANT MOLDERS ,In store
Mustache/tie molder ,2,60,120,FONDANT MOLDERS ,In store
Small mermaid tail ,1,70,70,FONDANT MOLDERS ,In store
Tiny Rose Molder ,1,37,37,FONDANT MOLDERS ,In store
Lace Fondant 1,1,0,0,FONDANT MOLDERS ,In store
Lace Fondant 2,1,0,0,FONDANT MOLDERS ,In store
Geometric Silicone Molder ,2,0,0,FONDANT MOLDERS ,In store
Small geometric heart ,6,0,0,FONDANT MOLDERS ,In store
Coffee Heart Molder ,1,0,0,FONDANT MOLDERS ,In store
Press set,1,0,0,FONDANT MOLDERS ,In store
5x6.75x1.5 kraft ,1,6.050000191,6.050000191,CUPCAKE /PASTRY BOXES ,
5x5x2 Printed ,1,7.5,7.5,CUPCAKE /PASTRY BOXES ,
5x8x2 Printed ,1,8.5,8.5,CUPCAKE /PASTRY BOXES ,
7x3 loaf box white ,131,8.89,1164.59,CUPCAKE /PASTRY BOXES ,
8x3 loaf box white ,43,7.94,341.42,CUPCAKE /PASTRY BOXES ,
6x9x1.5 ,41,7,287,CUPCAKE /PASTRY BOXES ,
6x6x3 white ,95,8.74,830.3,CUPCAKE /PASTRY BOXES ,
8x8x3 white ,1,0,0,CUPCAKE /PASTRY BOXES ,
Standee Pink solo ,163,6,978,CUPCAKE /PASTRY BOXES ,
Standee Blue solo,74,6,444,CUPCAKE /PASTRY BOXES ,
Standee White solo ,123,8,984,CUPCAKE /PASTRY BOXES ,
RM white solo ,3,8.18,24.54,CUPCAKE /PASTRY BOXES ,
RM pink solo ,17,9,153,CUPCAKE /PASTRY BOXES ,
RM blue solo ,246,5.96,1466.16,CUPCAKE /PASTRY BOXES ,
RM violet solo ,21,9,189,CUPCAKE /PASTRY BOXES ,
RM gold solo ,111,9,999,CUPCAKE /PASTRY BOXES ,
7x7x3 White ,2,11,22,CUPCAKE /PASTRY BOXES ,
Bento Box ,11,7,77,CUPCAKE /PASTRY BOXES ,In store
6 Donut Box ,31,13,403,CUPCAKE /PASTRY BOXES ,In store
12 Donut box ,44,18,792,CUPCAKE /PASTRY BOXES ,In store
6x6x3 Blue ,1,8,8,CUPCAKE /PASTRY BOXES ,In store
6x6x3 pink ,1,8,8,CUPCAKE /PASTRY BOXES ,In store
Standee Red solo,198,6,1188,CUPCAKE /PASTRY BOXES ,In store
9x12x3 white ,12,14.73,176.76,CUPCAKE /PASTRY BOXES ,In store
Cupcake by 2 marble ,2,9,18,CUPCAKE /PASTRY BOXES ,In store
6x9x3 Pink RM ,13,19,247,CUPCAKE /PASTRY BOXES ,In store
6x9x3 Powder Blue RM ,34,19,646,CUPCAKE /PASTRY BOXES ,In store
6x9x3 white ,215,11.28,2425.2,CUPCAKE /PASTRY BOXES ,In store
6x9x2 white,186,8.91,1657.26,CUPCAKE /PASTRY BOXES ,In store
Standee Gold Solo ,89,9,801,CUPCAKE /PASTRY BOXES ,In store
Standee solo green ,1,7,7,CUPCAKE /PASTRY BOXES ,In store
Cupcake by 2 w/holder ,1,12,12,CUPCAKE /PASTRY BOXES ,In store
Cupcake by 2 White ,1,7,7,CUPCAKE /PASTRY BOXES ,In store
Standee Solo Mermaid ,1,6,6,CUPCAKE /PASTRY BOXES ,In store
10x10x2 box,11,12,132,CUPCAKE /PASTRY BOXES ,In store
5x6x1.5 white ,71,6,426,CUPCAKE /PASTRY BOXES ,In store
9x12x3 Gold ,211,15,3165,CUPCAKE /PASTRY BOXES ,In store
RM Acetate solo Pink ,53,13,689,CUPCAKE /PASTRY BOXES ,In store
RM Acetate solo blue ,39,13,507,CUPCAKE /PASTRY BOXES ,In store
Solo Kraft,26,6,156,CUPCAKE /PASTRY BOXES ,In store
Solo Pink ,54,6,324,CUPCAKE /PASTRY BOXES ,In store
Solo Blue ,93,6,558,CUPCAKE /PASTRY BOXES ,In store
"Board ""5",29,6,174,CAKE BOARDS,
"Board ""6 silver ",11,4,44,CAKE BOARDS,
Board Round 7,85,5.5,467.5,CAKE BOARDS,
Board Round 8 silver ,1,8,8,CAKE BOARDS,
Board round 8 White,226,8,1808,CAKE BOARDS,
Board Round 10 White ,89,11,979,CAKE BOARDS,
Board Round 10 Silver ,97,11,1067,CAKE BOARDS,
Board Round 10 Gold ,1,10,10,CAKE BOARDS,
Board 10x14 silver,1,12,12,CAKE BOARDS,
Board 12x16 silver ,1,17,17,CAKE BOARDS,
Board 14x14,1,26.51000023,26.51000023,CAKE BOARDS,
Board 16x16 ,1,28.26,28.26,CAKE BOARDS,
"CD ""10 silver ",58,32.65,1893.7,CAKE BOARDS,
"CD ""12 silver ",22,39,858,CAKE BOARDS,In store
Board SQ 7,1,0.310000002,0.310000002,CAKE BOARDS,In store
Board SQ 8,151,8,1208,CAKE BOARDS,In store
Board SQ 10,222,11.24,2495.28,CAKE BOARDS,In store
Board Round 12 silver ,2,14,28,CAKE BOARDS,In store
Board Round 12 White ,238,12,2856,CAKE BOARDS,In store
Board SQ 12,117,12,1404,CAKE BOARDS,In store
"CD ""14 silver ",1,55.8,55.8,CAKE BOARDS,In store
Board Round 9  ,111,9,999,CAKE BOARDS,In store
Board 12x16 Gold ,13,18,234,CAKE BOARDS,In store
"CD ""12 Gold ",5,37,185,CAKE BOARDS,In store
"CD ""10 Gold ",1,38,38,CAKE BOARDS,In store
"Board ""6 white ",181,5,905,CAKE BOARDS,In store
"Board ""10x14 white ",41,12,492,CAKE BOARDS,In store
"Board ""6 gold ",1,7,7,CAKE BOARDS,In store
Board SQ 9,24,8.449999809,202.7999954,CAKE BOARDS,In store
"Board ""11 white",31,11,341,CAKE BOARDS,In store
"Board ""14 White ",42,18,756,CAKE BOARDS,In store
"CD ""16 silver ",43,73,3139,CAKE BOARDS,In store
"Board ""10x14 Gold ",14,12,168,CAKE BOARDS,In store
"CD ""14 White ",1,51,51,CAKE BOARDS,In store
"CD ""12 White ",72,44,3168,CAKE BOARDS,In store
"CD"" 10x10 White ",54,34,1836,CAKE BOARDS,In store
"CD ""12x12 White ",1,37,37,CAKE BOARDS,In store
"CD""10 White ",9,34,306,CAKE BOARDS,In store
Board 12x16 White ,81,17,1377,CAKE BOARDS,In store
"CD ""14x14 silver ",17,60,1020,CAKE BOARDS,In store
Tin Can 6x2 ,1,38,38,CANISTER ,
Tin Can 6x3 ,1,49,49,CANISTER ,
8x4 Loaf Tray ,1,28,28,CANISTER ,
7x4 Loaf Tray ,15,30.14999962,452.2499943,CANISTER ,
Round 7 Tray ,1,57,57,CANISTER ,
Round 8 Tray,1,60,60,CANISTER ,
8x8x2 Tray ,1,71.81999969,71.81999969,CANISTER ,
C12,75,5.5,412.5,CANISTER ,
L500,28,11,308,CANISTER ,
C35,66,11.5,759,CANISTER ,
C42,1,10,10,CANISTER ,
H1L,38,5,190,CANISTER ,
L200,51,20,1020,CANISTER ,
L400,1,12,12,CANISTER ,
L300,31,14,434,CANISTER ,
C44,59,13,767,CANISTER ,
OPL-06,4,8.48,33.92,CANISTER ,
RHC5,91,9,819,CANISTER ,
RHC8,89,12.97,1154.33,CANISTER ,
Dome Canister solo,56,8.199999809,459.1999893,CANISTER ,
Triangle solo ,83,4,332,CANISTER ,
Oval Acetate ,66,6,396,CANISTER ,
500ml tub rectangle ,25,38,950,CANISTER ,
750ml tub ,26,46,1196,CANISTER ,
1000ml tub ,6,49.13999939,294.8399963,CANISTER ,
Acetate 8x8x9.5,1,98.6,98.6,CANISTER ,
Acetate 10x10x7,1,80,80,CANISTER ,
Acetate 10x10x10,1,95,95,CANISTER ,
Acetate 10x10x12,1,120,120,CANISTER ,
Acetate 12x12x7,1,105,105,CANISTER ,
Acetate 12x12x10,1,130,130,CANISTER ,
CK-12 Dome ,1,21,21,CANISTER ,In store
5x4x2 Tray ,1,31,31,CANISTER ,In store
8.6x6x2 Tray ,1,72,72,CANISTER ,In store
Acetate 6x6x7 box ,1,39,39,CANISTER ,In store
C40,79,11,869,CANISTER ,In store
Acetate 7.5x5x7 ,1,55,55,CANISTER ,In store
Acetate 8x8x6,1,75,75,CANISTER ,In store
C10,41,4.5,184.5,CANISTER ,In store
Acetate 8x8x12,1,109.2900009,109.2900009,CANISTER ,In store
C30,65,14,910,CANISTER ,In store
Sq Container ,11,4,44,CANISTER ,In store
C303,1,4.5,4.5,CANISTER ,In store
CK-06 Dome ,119,13,1547,CANISTER ,In store
Acetate 6x6x6,5,30,150,CANISTER ,In store
Acetate 6x4,5,0,0,CANISTER ,In store
Kraft Box Medium,2,4.559999943,9.119999886,CANISTER ,In store
Kraft Box Large,1,4,4,CANISTER ,In store
Dome 1,181,5,905,CANISTER ,In store
Heart Tin Can ,1,0,0,CANISTER ,In store
4's cupcake holder ,54,2,108,HOLDERS/STRAWS/EXTENDER/DOWEL,
6's cupcake holder ,166,3,498,HOLDERS/STRAWS/EXTENDER/DOWEL,
12's cupcake holder ,161,4.05,652.05,HOLDERS/STRAWS/EXTENDER/DOWEL,
"Extender ""15",45,3,135,HOLDERS/STRAWS/EXTENDER/DOWEL,
"Extender ""15 pack ",14,55,770,HOLDERS/STRAWS/EXTENDER/DOWEL,
"Extender ""20",78,2,156,HOLDERS/STRAWS/EXTENDER/DOWEL,
"Extender ""20 pack ",9,55,495,HOLDERS/STRAWS/EXTENDER/DOWEL,
Dowell plastic ,6,0,0,HOLDERS/STRAWS/EXTENDER/DOWEL,
Dowell wood,1,0,0,HOLDERS/STRAWS/EXTENDER/DOWEL,
"Floral wire ""22",1,0,0,HOLDERS/STRAWS/EXTENDER/DOWEL,In store
"Floral wire ""24",5,0,0,HOLDERS/STRAWS/EXTENDER/DOWEL,In store
"Floral wire ""26",276,0,0,HOLDERS/STRAWS/EXTENDER/DOWEL,In store
"Dowel ""12",5,10,50,HOLDERS/STRAWS/EXTENDER/DOWEL,In store
"Dowel ""15",6,11,66,HOLDERS/STRAWS/EXTENDER/DOWEL,In store
"Dowel ""14",4,11,44,HOLDERS/STRAWS/EXTENDER/DOWEL,In store
Straw ,297,0,0,HOLDERS/STRAWS/EXTENDER/DOWEL,In store
Spoon ,111,0,0,HOLDERS/STRAWS/EXTENDER/DOWEL,In store
1 Holder ,1,0,0,HOLDERS/STRAWS/EXTENDER/DOWEL,In store
"Dowell ""10",15,7,105,HOLDERS/STRAWS/EXTENDER/DOWEL,In store
"Extender ""10",191,2,382,HOLDERS/STRAWS/EXTENDER/DOWEL,In store
"Extender ""10 pack ",1,45,45,HOLDERS/STRAWS/EXTENDER/DOWEL,In store
"dowell ""12 makapal ",32,9.6,307.2,HOLDERS/STRAWS/EXTENDER/DOWEL,In store
Dowell 25,21,8,168,HOLDERS/STRAWS/EXTENDER/DOWEL,In store
Zagu Straw ,5,0,0,HOLDERS/STRAWS/EXTENDER/DOWEL,In store
Skewers 200mm 5pcs,1,0,0,HOLDERS/STRAWS/EXTENDER/DOWEL,In store
Skewers 250mm 5pcs ,1,0,0,HOLDERS/STRAWS/EXTENDER/DOWEL,In store
Skewers 300mm 5pcs ,1,0,0,HOLDERS/STRAWS/EXTENDER/DOWEL,In store
Popsicle sticks 5pcs ,1,0,0,HOLDERS/STRAWS/EXTENDER/DOWEL,In store
Bamboo Stirrer 5pcs ,6,0,0,HOLDERS/STRAWS/EXTENDER/DOWEL,In store
Toothpick ,4,0,0,HOLDERS/STRAWS/EXTENDER/DOWEL,In store
"Dowell ""30",2,0,0,HOLDERS/STRAWS/EXTENDER/DOWEL,In store
S pink spiral ,4,18,72,CANDLES ,
Long Silver  Candle ,11,22,242,CANDLES ,
#0 sparkle ,1,21,21,CANDLES ,
#0 Colored ,1,15,15,CANDLES ,In store
#1 Colored ,1,15,15,CANDLES ,In store
#2 Colored ,1,15,15,CANDLES ,In store
#3 Colored ,1,15,15,CANDLES ,In store
#4 Colored ,1,15,15,CANDLES ,In store
"#5 Colored

",1,15,15,CANDLES ,In store
#6 Colored ,1,15,15,CANDLES ,In store
#7 Colored ,1,15,15,CANDLES ,In store
#8 Colored ,2,15,30,CANDLES ,In store
#9 Colored ,3,15,45,CANDLES ,In store
#0 Gold big ,5,15,75,CANDLES ,In store
#1 gold big ,11,15,165,CANDLES ,In store
#2 gold big ,11,15,165,CANDLES ,In store
#3 gold big ,6,15,90,CANDLES ,In store
#4 gold big,4,15,60,CANDLES ,In store
#5 gold big ,5,15,75,CANDLES ,In store
#6 gold big ,2,15,30,CANDLES ,In store
#7 gold big ,8,15,120,CANDLES ,In store
#8 gold big ,3,15,45,CANDLES ,In store
#9 gold big ,3,15,45,CANDLES ,In store
#0 gold small ,21,7,147,CANDLES ,In store
#1 gold small ,7,7,49,CANDLES ,In store
#2 gold small ,12,7,84,CANDLES ,In store
#3 gold small ,21,7.41,155.61,CANDLES ,In store
#4 gold small ,21,7.75,162.75,CANDLES ,In store
#5 gold small ,11,7,77,CANDLES ,In store
#6 gold small ,13,7,91,CANDLES ,In store
#7 gold small ,6,8.670000076,52.02000046,CANDLES ,In store
#8 gold small ,11,7,77,CANDLES ,In store
#9 gold small ,16,7.75,124,CANDLES ,In store
#0 silver ,1,10,10,CANDLES ,In store
#1 silver ,1,10,10,CANDLES ,In store
#2 silver ,1,10,10,CANDLES ,In store
#3 silver ,7,10,70,CANDLES ,In store
#4 silver ,5,10,50,CANDLES ,In store
#5 silver,1,10,10,CANDLES ,In store
#6 silver ,1,10,10,CANDLES ,In store
#7 silver ,1,10,10,CANDLES ,In store
#8 silver ,3,10,30,CANDLES ,In store
#9 silver ,11,10,110,CANDLES ,In store
#0 cheers ,1,10,10,CANDLES ,In store
#4 cheers ,2,10,20,CANDLES ,In store
#8 cheers ,3,10,30,CANDLES ,In store
#6 cheers ,4,10,40,CANDLES ,In store
#9 cheers ,3,10,30,CANDLES ,In store
#1 sparkle ,1,18,18,CANDLES ,In store
#2 sparkle ,5,18,90,CANDLES ,In store
#3 sparkle ,4,18,72,CANDLES ,In store
#4 sparkle ,8,18,144,CANDLES ,In store
#5 sparkle ,9,18,162,CANDLES ,In store
#6 sparkle ,2,18,36,CANDLES ,In store
#7 sparkle ,1,18,18,CANDLES ,In store
#8 sparkle ,9,18,162,CANDLES ,In store
#9 sparkle ,5,18,90,CANDLES ,In store
S spiral green ,5,18,90,CANDLES ,In store
S spiral silver ,1,18,18,CANDLES ,In store
S spiral asstd ,11,18,198,CANDLES ,In store
S spiral purple ,1,18,18,CANDLES ,In store
S spiral mettalic,1,18,18,CANDLES ,In store
S gold spiral ,1,18,18,CANDLES ,In store
S spiral blue ,3,18,54,CANDLES ,In store
Long Gold Candle,8,19,152,CANDLES ,In store
Long R.Gold candle,12,22,264,CANDLES ,In store
Long rainbow ,1,22,22,CANDLES ,In store
Long spiral gold ,3,20,60,CANDLES ,In store
Long spiral Purplish ,3,20,60,CANDLES ,In store
Long Spiral R.Gold,5,20,100,CANDLES ,In store
Long Spiral silver ,9,20,180,CANDLES ,In store
Long Spiral mixed ,1,20,20,CANDLES ,In store
Long metallic mixed,2,22,44,CANDLES ,In store
S Silver spiral ,14,15,210,CANDLES ,In store
#0 Crown blue,2,14,28,CANDLES ,In store
#0 Crown Pink ,3,14,42,CANDLES ,In store
#1 Crown pink ,1,14,14,CANDLES ,In store
#3 Crown Pink ,2,14,28,CANDLES ,In store
#3 Crown Blue ,2,14,28,CANDLES ,In store
#4 Crown Blue ,1,14,14,CANDLES ,In store
#4 Crown Pink ,3,14,42,CANDLES ,In store
#5 Crown Blue ,1,14,14,CANDLES ,In store
#5 Crown Pink ,3,14,42,CANDLES ,In store
#6 Crown Pink ,2,14,28,CANDLES ,In store
#6 Crown Blue ,1,14,14,CANDLES ,In store
#7 Crown Blue ,1,14,14,CANDLES ,In store
#7 Crown Pink ,1,14,14,CANDLES ,In store
#8 Crown Pink ,2,15,30,CANDLES ,In store
#8 Crown Blue ,3,15,45,CANDLES ,In store
#9 Crown Pink ,1,15,15,CANDLES ,In store
#9 Crown Blue ,3,15,45,CANDLES ,In store
S purple spiral ,1,0,0,CANDLES ,In store
Small Bday spiral ,15,7,105,CANDLES ,In store
9x12 Xmas Box ,46,25,1150,SEASONAL ITEMS,In store
6x6x3 Xmas box ,1,14.5,14.5,SEASONAL ITEMS,In store
8x8x3 Xmas box ,35,10,350,SEASONAL ITEMS,In store
8x8x4 Xmas box,1,21,21,SEASONAL ITEMS,In store
7x9x3 Xmas box ,9,11,99,SEASONAL ITEMS,In store
2025 Xmas Sprinkles,76,27,2052,SEASONAL ITEMS,In store
7x3 Loaf Xmas ,1,0,0,SEASONAL ITEMS,In store
6x3 xmas loaf ,1,0,0,SEASONAL ITEMS,In store
8x3 xmas loaf ,1,0,0,SEASONAL ITEMS,In store
.75 oz xmas liner ,1,0,0,SEASONAL ITEMS,In store
1 hole cupcake xmas ,1,0,0,SEASONAL ITEMS,In store
2 holes cupcake xmas ,1,0,0,SEASONAL ITEMS,In store
4 holes cupcake xmas ,1,0,0,SEASONAL ITEMS,In store
Christmas topper ,12,15,180,SEASONAL ITEMS,In store
Christmas muffin liner ,1,0,0,SEASONAL ITEMS,In store
Christmas pouch ,1,0,0,SEASONAL ITEMS,In store
Heart Clear Container 5pcs,21,120,2520,SEASONAL ITEMS,In store
Heart Aluminum 5pcs with lid ,1,105,105,SEASONAL ITEMS,In store
Father's day topper ,15,10,150,SEASONAL ITEMS,In store
Valentine's topper ,41,10,410,SEASONAL ITEMS,In store
Happy Mothers day ,4,0,0,SEASONAL ITEMS,In store
Happy Father's day topper ,2,15,30,SEASONAL ITEMS,In store
Xmas 6x9x3 O,19,10,190,SEASONAL ITEMS,In store
Xmas Candy Topper ,1,35,35,SEASONAL ITEMS,In store
Gift tags ,1,0,0,SEASONAL ITEMS,In store
Gift tags ,1,0,0,SEASONAL ITEMS,In store
Valentines Tag ,1,0,0,SEASONAL ITEMS,In store
Heart 4x2 Aluminum 5pcs w/lid ,1,0,0,SEASONAL ITEMS,In store
Xmas 6x9x3 N ,1,19,19,SEASONAL ITEMS,In store
Xmas 5x6x1.5 ,1,9,9,SEASONAL ITEMS,In store
Xmas 6x9x1.5,9,12,108,SEASONAL ITEMS,In store
Xmas Party liner ,2,38,76,SEASONAL ITEMS,In store
New Year Topper ,1,0,0,SEASONAL ITEMS,In store
Valentines EdibleTopper ,1,55,55,SEASONAL ITEMS,In store
Valentines Plaque ,3,25,75,SEASONAL ITEMS,In store
Mothers day topper ,6,15,90,SEASONAL ITEMS,In store
New Xmas Edible ,1,55,55,SEASONAL ITEMS,In store
Valentines Plate ,54,5,270,SEASONAL ITEMS,In store
Dummy 4x3,1,11,11,DUMMY ,
Dummy 6x3,1,24,24,DUMMY ,
Dummy 6x4,1,32,32,DUMMY ,
Dummy 6x6,1,50,50,DUMMY ,
Dummy 8x2,1,30,30,DUMMY ,
Dummy 8x4,1,55,55,DUMMY ,
Dummy 8x6,1,90,90,DUMMY ,
Dummy 10x4,1,62,62,DUMMY ,
Dummy 10x6,1,135,135,DUMMY ,
Dummy 12x4,1,120,120,DUMMY ,
Dummy 4x4,1,15,15,DUMMY ,In store
Dummy 5x3,1,23,23,DUMMY ,In store
Dummy 8x3,2,35,70,DUMMY ,In store
Dummy 5x2,1,15,15,DUMMY ,In store
Dummy 5x4,1,23,23,DUMMY ,In store
Dummy 6x2,1,17,17,DUMMY ,In store
Dummy 10x3,1,65,65,DUMMY ,In store
Dummy 12x6,1,195,195,DUMMY ,In store
Dummy 9x4,1,70,70,DUMMY ,In store
Dummy 9x3,1,54,54,DUMMY ,In store
Dummy 7x4,1,41,41,DUMMY ,In store
Dummy 7x3,1,34,34,DUMMY ,In store
Dummy 4x2,1,8,8,DUMMY ,In store
dummy 12x3,1,90,90,DUMMY ,In store
Dummy 12x2,1,67,67,DUMMY ,In store
Box 8x8x4 white ,165,14,2310,CAKE BOXES,
Box 12x12x5 white ,176,21,3696,CAKE BOXES,
Box 12x16x5 White ,1,23,23,CAKE BOXES,
Box 14x14x4.5 WHITE,53,24.98,1323.94,CAKE BOXES,
Box 16x16x4.5,2,42,84,CAKE BOXES,
Box 5x5x3,1,16,16,CAKE BOXES,In store
Box 10x14x5 white,13,20,260,CAKE BOXES,In store
Box 7x7x4 White,45,12,540,CAKE BOXES,In store
Box 11x11x5 white ,1,20,20,CAKE BOXES,In store
Box 7x7x4 Red,1,13,13,CAKE BOXES,In store
Box 10x10x5 White ,59,17.78,1049.02,CAKE BOXES,In store
Box 10x10x5 Silver ,1,18,18,CAKE BOXES,In store
Box 10x10x5 Red ,9,23,207,CAKE BOXES,In store
Box 9x9x5 white ,115,15.43,1774.45,CAKE BOXES,In store
Box 12x16x5 Gold ,46,24,1104,CAKE BOXES,In store
3oz Printed liner ,3,25,75,CUPCAKE LINER,In store
.75oz  liner ,6,13.85000038,83.10000228,CUPCAKE LINER,In store
RM 1oz liner,1,20.44,20.44,CUPCAKE LINER,In store
Metallic Silver liner 100pcs,11,48,528,CUPCAKE LINER,In store
Metallic Gold liner 100pcs ,11,48,528,CUPCAKE LINER,In store
Metallic Violet liner 100pcs,26,48,1248,CUPCAKE LINER,In store
Metallic Blue liner 100pcs ,2,48,96,CUPCAKE LINER,In store
Metallic Pink liner 100pcs ,11,48,528,CUPCAKE LINER,In store
Xmas RM 3oz ,1,0,0,CUPCAKE LINER,In store
Xmas liner 3oz,9,0,0,CUPCAKE LINER,In store
Gold foil liner 50pcs,5,68,340,CUPCAKE LINER,In store
Pink foil liner 50pcs,4,60,240,CUPCAKE LINER,In store
Silver Foil liner 50pcs ,5,97,485,CUPCAKE LINER,In store
Blue Foil Liner 50pcs ,7,60,420,CUPCAKE LINER,In store
3/4 oz brown liner 100pcs ,4,28,112,CUPCAKE LINER,In store
Metallic green liner 100pcs ,28,48,1344,CUPCAKE LINER,In store
3oz White Liner ,41,29.51,1209.91,CUPCAKE LINER,In store
RM 3/4oz printed ,4,17,68,CUPCAKE LINER,In store
RM 1oz white liner ,3,17,51,CUPCAKE LINER,In store
RM 3oz printed liner ,9,35,315,CUPCAKE LINER,In store
Party liner 3oz,1,35,35,CUPCAKE LINER,In store
1oz White liner ,8,19.03,152.24,CUPCAKE LINER,In store
2oz Dessert Cup 100pcs,18,90,1620,CUPCAKE LINER,In store
RM 2oz printed liner ,1,35,35,CUPCAKE LINER,In store
Metallic Red liner 100pcs ,1,48,48,CUPCAKE LINER,In store
White Foil liners 50pcs ,9,59,531,CUPCAKE LINER,In store
Brown Foil Liner 50pcs ,9,58,522,CUPCAKE LINER,In store
Tulip liner pack 50pcs ,1,50,50,CUPCAKE LINER,In store
 2oz White liner ,11,23,253,CUPCAKE LINER,In store
2oz printed liner ,8,22,176,CUPCAKE LINER,In store
1oz printed liner ,31,0.65,20.15,CUPCAKE LINER,In store
XS liner ,1,20,20,CUPCAKE LINER,In store
Metallic RGold liner 100pcs ,31,45,1395,CUPCAKE LINER,In store
1oz Metallic Gold liner ,2,40,80,CUPCAKE LINER,In store
1oz metallic silver liner ,12,40,480,CUPCAKE LINER,In store
2oz metallic gold liner,17,44,748,CUPCAKE LINER,In store
1/2 inch Black ribbon ,1,28,28,RIBBONS ,
1/2 inch White ribbon ,1,28,28,RIBBONS ,In store
1/2 inch Mocha ribbon,1,28,28,RIBBONS ,In store
1/2 inch L.blue ribbon,1,28,28,RIBBONS ,In store
1/2 inch Cream ribbon,1,28,28,RIBBONS ,In store
1/2 inch Pink ribbon,4,28,112,RIBBONS ,In store
1inch Pink ribbon,2,20,40,RIBBONS ,In store
1inch L.blue ribbon,2,20,40,RIBBONS ,In store
1inch R.blue ribbon,1,20,20,RIBBONS ,In store
1/2 inch R.blue ribbon,3,28,84,RIBBONS ,In store
1inch Gold ribbon ,5,20,100,RIBBONS ,In store
1/2 inch Champagne ribbon ,1,28,28,RIBBONS ,In store
1/2 inch Gold ribbon,1,28,28,RIBBONS ,In store
1inch Mocha ribbon,1,25,25,RIBBONS ,In store
1inch Black ribbon ,4,20,80,RIBBONS ,In store
1inch Red ribbon ,1,20,20,RIBBONS ,In store
1/2inch Red ribbon ,5,28,140,RIBBONS ,In store
1inch White ribbon ,1,30,30,RIBBONS ,In store
1/2 inch Silver ribbon,1,0,0,RIBBONS ,In store
1/2 inch Gold ribbon ,1,28,28,RIBBONS ,In store
1inch Champagne ribbon ,1,40,40,RIBBONS ,In store
1inch Cream Ribbon ,3,25,75,RIBBONS ,In store
JustForyou 1inch ,2,0,0,RIBBONS ,In store
JustForyou red ,1,0,0,RIBBONS ,In store
Red heart 1yd,12,0,0,RIBBONS ,In store
1inch Silver Ribbon,2,25,50,RIBBONS ,In store
1inch N.Blue ribbon,1,25,25,RIBBONS ,In store
M grass tip ,1,20,20,PIPING TIP,In store
Leaf tip ,1,30,30,PIPING TIP,In store
70 tip,1,12.5,12.5,PIPING TIP,In store
96 tip ,1,0,0,PIPING TIP,In store
86 tip ,1,0,0,PIPING TIP,In store
00 tip ,1,0,0,PIPING TIP,In store
1D tip ,1,25,25,PIPING TIP,In store
1M tip ,1,29,29,PIPING TIP,In store
L grass tip ,1,35,35,PIPING TIP,In store
2F tip ,1,29,29,PIPING TIP,In store
F4 tip ,1,0,0,PIPING TIP,In store
901 tip ,1,0,0,PIPING TIP,In store
336 tip ,1,25,25,PIPING TIP,In store
402L tip ,1,0,0,PIPING TIP,In store
Russian tip ,2,32,64,PIPING TIP,In store
w3 tip ,1,15,15,PIPING TIP,In store
w1 tip ,1,0,0,PIPING TIP,In store
w2 tip ,1,12.5,12.5,PIPING TIP,In store
f01 tip ,1,0,0,PIPING TIP,In store
f06 tip ,1,0,0,PIPING TIP,In store
6B tip ,1,30,30,PIPING TIP,In store
2D tip ,1,30,30,PIPING TIP,In store
195 Tip ,1,30,30,PIPING TIP,In store
109 Tip ,1,42,42,PIPING TIP,In store
D42 tip ,1,30,30,PIPING TIP,In store
D43 Tip ,1,30,30,PIPING TIP,In store
2A tip ,1,25,25,PIPING TIP,In store
2C tip ,1,35,35,PIPING TIP,In store
9FT tip ,1,35,35,PIPING TIP,In store
151 tip ,1,35,35,PIPING TIP,In store
1C tip ,1,35,35,PIPING TIP,In store
1B tip ,1,35,35,PIPING TIP,In store
357 tip ,1,35,35,PIPING TIP,In store
1F tip ,1,0,0,PIPING TIP,In store
0 tip ,1,0,0,PIPING TIP,In store
3 tip ,2,0,0,PIPING TIP,In store
95 tip ,1,0,0,PIPING TIP,In store
Small tip ,1,25,25,PIPING TIP,In store
1E tip ,1,30,30,PIPING TIP,In store
580 tip ,4,20,80,PIPING TIP,In store
L Coupler ,1,0,0,PIPING TIP,In store
M 2D tip ,1,0,0,PIPING TIP,In store
M 2C tip ,1,0,0,PIPING TIP,In store
6 tip ,1,25,25,PIPING TIP,In store
7 tip ,2,30,60,PIPING TIP,In store
8 tip ,1,25,25,PIPING TIP,In store
9 tip ,1,25,25,PIPING TIP,In store
333 Tip ,1,30,30,PIPING TIP,In store
M 2C tip ,1,30,30,PIPING TIP,In store
113 Tip ,1,30,30,PIPING TIP,In store
853 Tip ,1,30,30,PIPING TIP,In store
127 Tip ,1,30,30,PIPING TIP,In store
Rose Petal ,1,30,30,PIPING TIP,In store
895 tip ,1,25,25,PIPING TIP,In store
1A tip ,3,30,90,PIPING TIP,In store
3A tip ,2,25,50,PIPING TIP,In store
580 tip ,1,25,25,PIPING TIP,In store
101 tip ,1,20,20,PIPING TIP,In store
102 tip ,1,20,20,PIPING TIP,In store
103 tip ,1,20,20,PIPING TIP,In store
S grass tip ,3,25,75,PIPING TIP,In store
M Coupler ,1,25,25,PIPING TIP,In store
S Coupler ,1,20,20,PIPING TIP,In store
E18 tip ,1,30,30,PIPING TIP,In store
L leaf tip ,1,35,35,PIPING TIP,In store
1G Tip ,1,30,30,PIPING TIP,In store
613 Tip,1,0,0,PIPING TIP,In store
Small tip ,2,0,0,PIPING TIP,In store
1 tip ,1,0,0,PIPING TIP,In store
2 tip ,1,0,0,PIPING TIP,In store
4 tip ,1,0,0,PIPING TIP,In store
5 tip,1,0,0,PIPING TIP,In store
352 Tip,1,0,0,PIPING TIP,In store
Dried Flowers ,33,16,528,FLOWERS ,In store
Eucalyptus green ,2,30,60,FLOWERS ,In store
Eucalyptus gold ,1,35,35,FLOWERS ,In store
small Artificial Flowers ,1,25,25,FLOWERS ,In store
Large Rose x2,2,70,140,FLOWERS ,In store
Large Peony ,3,0,0,FLOWERS ,In store
Stargazer 5's ,2,50,100,FLOWERS ,In store
Peony x2 medium ,1,75,75,FLOWERS ,In store
Peony x5 ,3,0,0,FLOWERS ,In store
Dalia x2 large ,1,78,78,FLOWERS ,In store
Medium Peony ,24,0,0,FLOWERS ,In store
Large Peony ,1,25,25,FLOWERS ,In store
Large Peony x2 ,1,0,0,FLOWERS ,In store
Large Dalia ,2,22,44,FLOWERS ,In store
Tiny Rose x10,1,85,85,FLOWERS ,In store
big artificial flowers ,25,50,1250,FLOWERS ,In store
Diamond Mesh blue ,1,40,40,CAKE ADD ONS,
Unicorn toy,4,55,220,CAKE ADD ONS,
MickeyMouse toy,1,50,50,CAKE ADD ONS,
Cloud Topper Blue ,1,30,30,CAKE ADD ONS,
Pearl crown topper ,2,50,100,CAKE ADD ONS,
Unicorn head topper small,16,45,720,CAKE ADD ONS,
Unicorn head L Silver ,11,50,550,CAKE ADD ONS,
Diamond mesh red ,8,44.55,356.4,CAKE ADD ONS,In store
Diamond mesh pink ,7,20,140,CAKE ADD ONS,In store
Diamond mesh F.pink,11,47.27,519.97,CAKE ADD ONS,In store
Diamond mesh silver ,9,20,180,CAKE ADD ONS,In store
Diamond mesh black ,11,47.86,526.46,CAKE ADD ONS,In store
Diamond Mesh gold,13,20,260,CAKE ADD ONS,In store
Feather White topper ,4,32,128,CAKE ADD ONS,In store
Feather Pink topper ,15,45,675,CAKE ADD ONS,In store
Butterfly blue topper ,6,30,180,CAKE ADD ONS,In store
Butterfly purple topper ,8,30,240,CAKE ADD ONS,In store
Mettalic Butterfly Slver ,5,55,275,CAKE ADD ONS,In store
Castle glitter topper ,7,12.75,89.25,CAKE ADD ONS,In store
Metallic Butterfly gold ,1,45,45,CAKE ADD ONS,In store
Mettalic Butterfly RG,5,39,195,CAKE ADD ONS,In store
Castle blue topper ,2,16.71,33.42,CAKE ADD ONS,In store
Castle white topper ,3,16,48,CAKE ADD ONS,In store
Hello Kitty toy ,5,58,290,CAKE ADD ONS,In store
Butterfly pearl purple ,3,0,0,CAKE ADD ONS,In store
Butterfly pearl blue ,1,0,0,CAKE ADD ONS,In store
Butterfly pearl pink ,1,0,0,CAKE ADD ONS,In store
Butterfly pearl white ,1,0,0,CAKE ADD ONS,In store
Big Pearl Crown ,3,0,0,CAKE ADD ONS,In store
Elsa topper ,4,58,232,CAKE ADD ONS,In store
Sophia topper ,2,58,116,CAKE ADD ONS,In store
Snowwhite topper ,4,58,232,CAKE ADD ONS,In store
Belle topper ,1,45,45,CAKE ADD ONS,In store
Chivas topper ,18,35,630,CAKE ADD ONS,In store
Red label topper ,15,35,525,CAKE ADD ONS,In store
Black label topper ,1,35,35,CAKE ADD ONS,In store
JD topper ,1,35,35,CAKE ADD ONS,In store
Soju topper ,1,35,35,CAKE ADD ONS,In store
SanMig topper ,14,35,490,CAKE ADD ONS,In store
L Gold leaf ,2,23,46,CAKE ADD ONS,In store
L Pink Leaf ,1,23,23,CAKE ADD ONS,In store
L Purple Leaf ,3,24,72,CAKE ADD ONS,In store
Butterfly pink topper,1,29,29,CAKE ADD ONS,In store
Butterfly Gold topper ,11,29,319,CAKE ADD ONS,In store
Mermaid topper ,1,45,45,CAKE ADD ONS,In store
Gold&crystal crown ,1,100,100,CAKE ADD ONS,In store
Silver&stone crown ,3,85,255,CAKE ADD ONS,In store
Crown silver ,1,0,0,CAKE ADD ONS,In store
M Silver w/pearl crown,1,90,90,CAKE ADD ONS,In store
L silver w/pearl crown ,2,90,180,CAKE ADD ONS,In store
Butterfly Multicolor ,2,30,60,CAKE ADD ONS,In store
L silver unicorn head ,6,0,0,CAKE ADD ONS,In store
S purple leaf ,2,0,0,CAKE ADD ONS,In store
L Beige leaf ,1,24,24,CAKE ADD ONS,In store
Anna Topper ,2,58,116,CAKE ADD ONS,In store
Mickie & Minnie toy ,3,58,174,CAKE ADD ONS,In store
Construction Cone Toy ,2,40,80,CAKE ADD ONS,In store
Red Horse Topper ,5,35,175,CAKE ADD ONS,In store
SanMig Pielsen ,9,35,315,CAKE ADD ONS,In store
Metallic Butterfly r.gold ,2,0,0,CAKE ADD ONS,In store
Castle Gold Topper ,5,0,0,CAKE ADD ONS,In store
L Purple Leaf ,3,20,60,CAKE ADD ONS,In store
4pcs Heart Blue ,2,27,54,CAKE ADD ONS,In store
4pcs Heart Red ,1,27,27,CAKE ADD ONS,In store
RG/Pink Butterfly ,1,30,30,CAKE ADD ONS,In store
Silver/Pink butterfly,1,30,30,CAKE ADD ONS,In store
Gold/Pink butterfly ,1,30,30,CAKE ADD ONS,In store
Silver bear ,1,45,45,CAKE ADD ONS,In store
Gold bear ,3,0,0,CAKE ADD ONS,In store
Pink bear ,1,35,35,CAKE ADD ONS,In store
White bear ,1,45,45,CAKE ADD ONS,In store
Butterfly Peach Topper,9,29,261,CAKE ADD ONS,In store
Mcqueen Toys ,1,50,50,CAKE ADD ONS,In store
Flamingo Toy ,2,25,50,CAKE ADD ONS,In store
Baby w/bottle blue ,1,52,52,CAKE ADD ONS,In store
Baby w/bottle pink ,3,52,156,CAKE ADD ONS,In store
Boy with moon ,2,52,104,CAKE ADD ONS,In store
Girl with moon,2,52,104,CAKE ADD ONS,In store
Umbrella topper ,15,6,90,CAKE ADD ONS,In store
Motor black toy ,2,0,0,CAKE ADD ONS,In store
Motor toy ,3,45,135,CAKE ADD ONS,In store
Gold Glossy Butterfly ,1,40,40,CAKE ADD ONS,In store
Glossy Colored Butterfly ,1,42,42,CAKE ADD ONS,In store
WhiteGold Crown ,1,0,0,CAKE ADD ONS,In store
L Red leaf ,1,0,0,CAKE ADD ONS,In store
Pearl Mesh ,8,20,160,CAKE ADD ONS,In store
Gliitered Butterfly topper ,2,30,60,CAKE ADD ONS,In store
Kuromi Topper,5,20,100,CAKE ADD ONS,In store
Butterfly Metallic Gold ,1,40,40,CAKE ADD ONS,In store
Butterfly Mettalic color,1,40,40,CAKE ADD ONS,In store
My Melody ,1,35,35,CAKE ADD ONS,In store
Cinnamon toy ,1,35,35,CAKE ADD ONS,In store
Silver Crown ,1,0,0,CAKE ADD ONS,In store
Butterfly Plain ,4,0,0,CAKE ADD ONS,In store
Snowflakes gold ,1,0,0,CAKE ADD ONS,In store
Gold small crown ,2,45,90,CAKE ADD ONS,In store
Gold medium crown ,1,100,100,CAKE ADD ONS,In store
White M balls ,5,20,100,BALL TOPPERS,In store
White L balls ,1,30,30,BALL TOPPERS,In store
White  XL balls ,3,30,90,BALL TOPPERS,In store
White S balls ,3,15,45,BALL TOPPERS,In store
Silver S balls ,6,15,90,BALL TOPPERS,In store
Silver M balls ,6,25,150,BALL TOPPERS,In store
Silver L balls ,6,30,180,BALL TOPPERS,In store
Silver XL balls ,6,35,210,BALL TOPPERS,In store
Gold M balls ,11,25,275,BALL TOPPERS,In store
Gold L balls ,4,30,120,BALL TOPPERS,In store
Gold XL balls ,3,30,90,BALL TOPPERS,In store
Black S balls ,4,15,60,BALL TOPPERS,In store
Black M balls ,1,25,25,BALL TOPPERS,In store
Black L balls ,11,35,385,BALL TOPPERS,In store
Black XL balls ,2.5,40,100,BALL TOPPERS,In store
Pink S balls ,21,15,315,BALL TOPPERS,In store
Pink M balls ,24,25,600,BALL TOPPERS,In store
Pink L balls ,31,25,775,BALL TOPPERS,In store
Pink XL balls ,31,25,775,BALL TOPPERS,In store
Pinkish Clear S balls ,3,35,105,BALL TOPPERS,In store
Pinkish clear M balls ,3,35,105,BALL TOPPERS,In store
Pinkish clear L balls ,3,0,0,BALL TOPPERS,In store
Pinkish Clear XL balls ,4,0,0,BALL TOPPERS,In store
Whitish clear S balls ,1,0,0,BALL TOPPERS,In store
Whitish clear M balls ,3,0,0,BALL TOPPERS,In store
Whitish clear L balls ,1,0,0,BALL TOPPERS,In store
Whitish clear XL balls ,1,0,0,BALL TOPPERS,In store
White glossy S balls ,1,0,0,BALL TOPPERS,In store
White gloss M balls ,1,0,0,BALL TOPPERS,In store
White gloss L balls ,2,0,0,BALL TOPPERS,In store
White gloss XL balls ,3,0,0,BALL TOPPERS,In store
Gold SS balls ,1,0,0,BALL TOPPERS,In store
Gold S balls ,6,11.53999996,69.23999976,BALL TOPPERS,In store
Red XL balls ,5,25,125,BALL TOPPERS,In store
Red L balls ,8,25,200,BALL TOPPERS,In store
Red M balls ,3,15,45,BALL TOPPERS,In store
Red S balls ,9,15,135,BALL TOPPERS,In store
RBlue XL balls ,1,20,20,BALL TOPPERS,In store
Rblue L balls ,2,15,30,BALL TOPPERS,In store
Rblue M balls ,25,0,0,BALL TOPPERS,In store
Rblue S balls ,3,15,45,BALL TOPPERS,In store
Violet XL balls ,4,20,80,BALL TOPPERS,In store
Violet L balls ,2,20,40,BALL TOPPERS,In store
Violet S balls ,14,20,280,BALL TOPPERS,In store
Violet M balls ,3,10,30,BALL TOPPERS,In store
Gold mixed balls ,16,25,400,BALL TOPPERS,In store
Cream Asstd Balls ,2,0,0,BALL TOPPERS,In store
Cream XL balls ,1,0,0,BALL TOPPERS,In store
Cream L Balls ,2,0,0,BALL TOPPERS,In store
Cream M Balls ,2,0,0,BALL TOPPERS,In store
Cream S balls ,7.5,0,0,BALL TOPPERS,In store
Pink mixed Balls ,18,8.33,149.94,BALL TOPPERS,In store
Mixed White Balls ,1,25,25,BALL TOPPERS,In store
Silver Disco Balls ,3,0,0,BALL TOPPERS,In store
Purple mixed Balls ,7,0,0,BALL TOPPERS,In store
Purple XL balls ,2,15,30,BALL TOPPERS,In store
Purple L balls ,1,15,15,BALL TOPPERS,In store
Purple M balls ,2,15,30,BALL TOPPERS,In store
Mixed blue balls ,33,0,0,BALL TOPPERS,In store
Silver mixed Balls ,16,20,320,BALL TOPPERS,In store
Mixed Black Balls ,21,40,840,BALL TOPPERS,In store
Orange mixed balls ,7,40,280,BALL TOPPERS,In store
Orange S balls ,3,15,45,BALL TOPPERS,In store
Orange M balls ,1,20,20,BALL TOPPERS,In store
Orange L balls ,2,25,50,BALL TOPPERS,In store
Orange XL balls ,3,30,90,BALL TOPPERS,In store
Purple S Balls ,5,10,50,BALL TOPPERS,In store
Yellow S balls ,3,10,30,BALL TOPPERS,In store
Yellow M Balls ,1,20,20,BALL TOPPERS,In store
Yellow L balls ,1,15,15,BALL TOPPERS,In store
Yellow XL balls ,1,20,20,BALL TOPPERS,In store
Yellow mixed  balls ,1,30,30,BALL TOPPERS,In store
Violet Mixed Balls ,2,30,60,BALL TOPPERS,In store
LBlue mixed balls ,6,30,180,BALL TOPPERS,In store
Lblue XL balls ,1,20,20,BALL TOPPERS,In store
Lblue  L balls ,7,20,140,BALL TOPPERS,In store
Lblue M balls ,5,15,75,BALL TOPPERS,In store
Lblue S balls ,7,10,70,BALL TOPPERS,In store
Green mixed balls ,11,35,385,BALL TOPPERS,In store
White clear mixed balls ,1,0,0,BALL TOPPERS,In store
Light disco gold ,6,50,300,BALL TOPPERS,In store
Green S balls ,1,15,15,BALL TOPPERS,In store
Green M balls ,1,15,15,BALL TOPPERS,In store
Green L balls ,1,0,0,BALL TOPPERS,In store
Green XL balls ,1,25,25,BALL TOPPERS,In store
Red Mixed balls ,4,30,120,BALL TOPPERS,In store
Mintgreen Mixed balls ,7,30,210,BALL TOPPERS,In store
Mintgreen L balls ,2,25,50,BALL TOPPERS,In store
Mintgreen M balls ,2,25,50,BALL TOPPERS,In store
Mintgreen S balls ,3,15,45,BALL TOPPERS,In store
Mintgreen XL balls ,2,0,0,BALL TOPPERS,In store
Grey mixed balls,12,10,120,BALL TOPPERS,In store
Grey L balls ,3,10,30,BALL TOPPERS,In store
Grey XL balls ,2,0,0,BALL TOPPERS,In store
Grey M balls ,3,10,30,BALL TOPPERS,In store
Grey S balls ,4,10,40,BALL TOPPERS,In store
White mixed gloss ,2,0,0,BALL TOPPERS,In store
brown mixed balls ,12,0,0,BALL TOPPERS,In store
nude mixed balls ,1,20,20,BALL TOPPERS,In store
Nude Balls XL ,1,20,20,BALL TOPPERS,In store
Brown S balls ,4,0,0,BALL TOPPERS,In store
Babypink Mixed balls ,15,0,0,BALL TOPPERS,In store
Nude M balls ,9,0,0,BALL TOPPERS,In store
Nude S balls ,5,0,0,BALL TOPPERS,In store
babypink S balls ,2,0,0,BALL TOPPERS,In store
Brown L balls ,2,0,0,BALL TOPPERS,In store
barbie M balls ,1,0,0,BALL TOPPERS,In store
barbie XL balls ,3,0,0,BALL TOPPERS,In store
barbie L balls ,1,0,0,BALL TOPPERS,In store
Brown XL balls ,3,0,0,BALL TOPPERS,In store
Brown M balls ,2,0,0,BALL TOPPERS,In store
babypink L balls ,12,0,0,BALL TOPPERS,In store
babypink M balls ,12,0,0,BALL TOPPERS,In store
Babypink XL balls ,13,0,0,BALL TOPPERS,In store
Nude L balls ,1,15,15,BALL TOPPERS,In store
Barbie mixed balls ,1,0,0,BALL TOPPERS,In store
Pink clear mixed balls ,1,0,0,BALL TOPPERS,In store
Brown XL Ball topper ,31,0,0,BALL TOPPERS,In store
Brown L ball topper ,3,0,0,BALL TOPPERS,In store
Brown M ball topper,2,0,0,BALL TOPPERS,In store
Brown S ball topper ,1,0,0,BALL TOPPERS,In store
Brown mixed balls ,13,0,0,BALL TOPPERS,In store
Rblue Mixed balls ,2,0,0,BALL TOPPERS,In store
Pblue mixed balls ,4,30,120,BALL TOPPERS,In store
Pblue XL balls ,1,20,20,BALL TOPPERS,In store
Pblue L balls ,2,0,0,BALL TOPPERS,In store
Pblue M balls ,1,15,15,BALL TOPPERS,In store
Pblue S balls ,1,15,15,BALL TOPPERS,In store
ShineyPink mixed balls ,5,20,100,BALL TOPPERS,In store
ShineyPink XL balls ,1,20,20,BALL TOPPERS,In store
ShineyPink L balls ,1,15,15,BALL TOPPERS,In store
ShineyPink M balls ,1,15,15,BALL TOPPERS,In store
ShineyPink S balls ,1,15,15,BALL TOPPERS,In store
Coke ,2,17,34,ETC,In store
Water ,13,7.79,101.27,ETC,In store
FONDANT MOLDERS ,,,,,
